2025-08-25 14:54:24,431 - INFO - HTTP Request: POST https://api.telegram.org/bot8115605790:AAF2BAAGm48-Rt-d5U44Mw7rLD02yo2v1hY/getMe "HTTP/1.1 200 OK"
2025-08-25 14:54:24,556 - INFO - HTTP Request: POST https://api.telegram.org/bot8115605790:AAF2BAAGm48-Rt-d5U44Mw7rLD02yo2v1hY/setMyCommands "HTTP/1.1 200 OK"
2025-08-25 14:54:24,602 - INFO - HTTP Request: POST https://api.telegram.org/bot8115605790:AAF2BAAGm48-Rt-d5U44Mw7rLD02yo2v1hY/deleteWebhook "HTTP/1.1 200 OK"
2025-08-25 14:54:24,602 - INFO - Application started
2025-08-25 14:54:34,725 - INFO - HTTP Request: POST https://api.telegram.org/bot8115605790:AAF2BAAGm48-Rt-d5U44Mw7rLD02yo2v1hY/getUpdates "HTTP/1.1 200 OK"
2025-08-25 14:54:44,752 - INFO - HTTP Request: POST https://api.telegram.org/bot8115605790:AAF2BAAGm48-Rt-d5U44Mw7rLD02yo2v1hY/getUpdates "HTTP/1.1 200 OK"
2025-08-25 14:54:55,029 - INFO - HTTP Request: POST https://api.telegram.org/bot8115605790:AAF2BAAGm48-Rt-d5U44Mw7rLD02yo2v1hY/getUpdates "HTTP/1.1 200 OK"
2025-08-25 14:55:02,552 - INFO - HTTP Request: POST https://api.telegram.org/bot8115605790:AAF2BAAGm48-Rt-d5U44Mw7rLD02yo2v1hY/getUpdates "HTTP/1.1 200 OK"
2025-08-25 14:55:02,554 - INFO - Daddodad (454010613,Davide) called /start
2025-08-25 14:55:02,774 - INFO - HTTP Request: POST https://api.telegram.org/bot8115605790:AAF2BAAGm48-Rt-d5U44Mw7rLD02yo2v1hY/sendMessage "HTTP/1.1 200 OK"
2025-08-25 14:55:12,595 - INFO - HTTP Request: POST https://api.telegram.org/bot8115605790:AAF2BAAGm48-Rt-d5U44Mw7rLD02yo2v1hY/getUpdates "HTTP/1.1 200 OK"
2025-08-25 14:55:22,618 - INFO - HTTP Request: POST https://api.telegram.org/bot8115605790:AAF2BAAGm48-Rt-d5U44Mw7rLD02yo2v1hY/getUpdates "HTTP/1.1 200 OK"
2025-08-25 14:55:24,395 - INFO - HTTP Request: POST https://api.telegram.org/bot8115605790:AAF2BAAGm48-Rt-d5U44Mw7rLD02yo2v1hY/getUpdates "HTTP/1.1 200 OK"
2025-08-25 14:55:24,395 - INFO - Daddodad (454010613,Davide) called /start
2025-08-25 14:55:24,556 - INFO - HTTP Request: POST https://api.telegram.org/bot8115605790:AAF2BAAGm48-Rt-d5U44Mw7rLD02yo2v1hY/sendMessage "HTTP/1.1 200 OK"
2025-08-25 14:55:34,430 - INFO - HTTP Request: POST https://api.telegram.org/bot8115605790:AAF2BAAGm48-Rt-d5U44Mw7rLD02yo2v1hY/getUpdates "HTTP/1.1 200 OK"
2025-08-25 14:55:44,475 - INFO - HTTP Request: POST https://api.telegram.org/bot8115605790:AAF2BAAGm48-Rt-d5U44Mw7rLD02yo2v1hY/getUpdates "HTTP/1.1 200 OK"
2025-08-25 14:55:51,720 - INFO - HTTP Request: POST https://api.telegram.org/bot8115605790:AAF2BAAGm48-Rt-d5U44Mw7rLD02yo2v1hY/getUpdates "HTTP/1.1 200 OK"
2025-08-25 14:55:51,720 - INFO - Daddodad (454010613,Davide) called /start
2025-08-25 14:55:51,893 - INFO - HTTP Request: POST https://api.telegram.org/bot8115605790:AAF2BAAGm48-Rt-d5U44Mw7rLD02yo2v1hY/sendMessage "HTTP/1.1 200 OK"
2025-08-25 14:56:01,770 - INFO - HTTP Request: POST https://api.telegram.org/bot8115605790:AAF2BAAGm48-Rt-d5U44Mw7rLD02yo2v1hY/getUpdates "HTTP/1.1 200 OK"
2025-08-25 14:56:11,813 - INFO - HTTP Request: POST https://api.telegram.org/bot8115605790:AAF2BAAGm48-Rt-d5U44Mw7rLD02yo2v1hY/getUpdates "HTTP/1.1 200 OK"
2025-08-25 14:56:25,833 - INFO - HTTP Request: POST https://api.telegram.org/bot8115605790:AAF2BAAGm48-Rt-d5U44Mw7rLD02yo2v1hY/getUpdates "HTTP/1.1 200 OK"
2025-08-25 14:56:35,870 - INFO - HTTP Request: POST https://api.telegram.org/bot8115605790:AAF2BAAGm48-Rt-d5U44Mw7rLD02yo2v1hY/getUpdates "HTTP/1.1 200 OK"
2025-08-25 14:56:45,910 - INFO - HTTP Request: POST https://api.telegram.org/bot8115605790:AAF2BAAGm48-Rt-d5U44Mw7rLD02yo2v1hY/getUpdates "HTTP/1.1 200 OK"
2025-08-25 14:56:55,956 - INFO - HTTP Request: POST https://api.telegram.org/bot8115605790:AAF2BAAGm48-Rt-d5U44Mw7rLD02yo2v1hY/getUpdates "HTTP/1.1 200 OK"
2025-08-25 14:57:05,991 - INFO - HTTP Request: POST https://api.telegram.org/bot8115605790:AAF2BAAGm48-Rt-d5U44Mw7rLD02yo2v1hY/getUpdates "HTTP/1.1 200 OK"
2025-08-25 14:57:16,033 - INFO - HTTP Request: POST https://api.telegram.org/bot8115605790:AAF2BAAGm48-Rt-d5U44Mw7rLD02yo2v1hY/getUpdates "HTTP/1.1 200 OK"
2025-08-25 14:57:26,061 - INFO - HTTP Request: POST https://api.telegram.org/bot8115605790:AAF2BAAGm48-Rt-d5U44Mw7rLD02yo2v1hY/getUpdates "HTTP/1.1 200 OK"
2025-08-25 14:57:29,931 - INFO - HTTP Request: POST https://api.telegram.org/bot8115605790:AAF2BAAGm48-Rt-d5U44Mw7rLD02yo2v1hY/getUpdates "HTTP/1.1 200 OK"
2025-08-25 14:57:29,931 - INFO - Daddodad (454010613,Davide) called /dex
2025-08-25 14:57:30,730 - INFO - HTTP Request: POST https://api.telegram.org/bot8115605790:AAF2BAAGm48-Rt-d5U44Mw7rLD02yo2v1hY/sendMessage "HTTP/1.1 200 OK"
2025-08-25 14:57:55,717 - INFO - HTTP Request: POST https://api.telegram.org/bot8115605790:AAF2BAAGm48-Rt-d5U44Mw7rLD02yo2v1hY/getUpdates "HTTP/1.1 200 OK"
2025-08-25 14:57:55,755 - INFO - HTTP Request: POST https://api.telegram.org/bot8115605790:AAF2BAAGm48-Rt-d5U44Mw7rLD02yo2v1hY/getUpdates "HTTP/1.1 200 OK"
2025-08-25 14:57:55,893 - INFO - HTTP Request: POST https://api.telegram.org/bot8115605790:AAF2BAAGm48-Rt-d5U44Mw7rLD02yo2v1hY/sendMessage "HTTP/1.1 200 OK"
2025-08-25 14:57:55,893 - INFO - Daddodad (454010613,Davide) called /start
2025-08-25 14:57:55,983 - INFO - HTTP Request: POST https://api.telegram.org/bot8115605790:AAF2BAAGm48-Rt-d5U44Mw7rLD02yo2v1hY/sendMessage "HTTP/1.1 200 OK"
2025-08-25 14:58:05,525 - INFO - HTTP Request: POST https://api.telegram.org/bot8115605790:AAF2BAAGm48-Rt-d5U44Mw7rLD02yo2v1hY/getUpdates "HTTP/1.1 200 OK"
2025-08-25 14:58:05,525 - INFO - Daddodad (454010613,Davide) called /dex
2025-08-25 14:58:05,678 - INFO - HTTP Request: POST https://api.telegram.org/bot8115605790:AAF2BAAGm48-Rt-d5U44Mw7rLD02yo2v1hY/sendMessage "HTTP/1.1 200 OK"
2025-08-25 14:58:05,736 - INFO - HTTP Request: POST https://api.telegram.org/bot8115605790:AAF2BAAGm48-Rt-d5U44Mw7rLD02yo2v1hY/sendMessage "HTTP/1.1 200 OK"
2025-08-25 14:58:11,893 - INFO - HTTP Request: POST https://api.telegram.org/bot8115605790:AAF2BAAGm48-Rt-d5U44Mw7rLD02yo2v1hY/getUpdates "HTTP/1.1 200 OK"
2025-08-25 14:58:12,143 - INFO - HTTP Request: POST https://api.telegram.org/bot8115605790:AAF2BAAGm48-Rt-d5U44Mw7rLD02yo2v1hY/sendMessage "HTTP/1.1 200 OK"
2025-08-25 14:58:13,289 - INFO - HTTP Request: POST https://api.telegram.org/bot8115605790:AAF2BAAGm48-Rt-d5U44Mw7rLD02yo2v1hY/sendSticker "HTTP/1.1 200 OK"
2025-08-25 14:58:14,305 - INFO - Daddodad (454010613,Davide) called /dex
2025-08-25 14:58:14,543 - INFO - HTTP Request: POST https://api.telegram.org/bot8115605790:AAF2BAAGm48-Rt-d5U44Mw7rLD02yo2v1hY/sendMessage "HTTP/1.1 200 OK"
2025-08-25 14:58:14,700 - INFO - HTTP Request: POST https://api.telegram.org/bot8115605790:AAF2BAAGm48-Rt-d5U44Mw7rLD02yo2v1hY/sendMessage "HTTP/1.1 200 OK"
2025-08-25 14:58:21,938 - INFO - HTTP Request: POST https://api.telegram.org/bot8115605790:AAF2BAAGm48-Rt-d5U44Mw7rLD02yo2v1hY/getUpdates "HTTP/1.1 200 OK"
2025-08-25 14:58:22,974 - INFO - HTTP Request: POST https://api.telegram.org/bot8115605790:AAF2BAAGm48-Rt-d5U44Mw7rLD02yo2v1hY/getUpdates "HTTP/1.1 200 OK"
2025-08-25 14:58:22,974 - INFO - Daddodad (454010613,Davide) called /dex
2025-08-25 14:58:24,640 - ERROR - No error handlers are registered, logging exception.
Traceback (most recent call last):
  File "c:\Users\daddodad\Desktop\CNR\.venv\Lib\site-packages\pypokedex\api.py", line 28, in get
    response.raise_for_status()
  File "c:\Users\daddodad\Desktop\CNR\.venv\Lib\site-packages\requests\models.py", line 1026, in raise_for_status
    raise HTTPError(http_error_msg, response=self)
requests.exceptions.HTTPError: 404 Client Error: Not Found for url: https://pokeapi.co/api/v2/pokemon/mr-mime-galarian

The above exception was the direct cause of the following exception:

Traceback (most recent call last):
  File "c:\Users\daddodad\Desktop\CNR\.venv\Lib\site-packages\telegram\ext\_application.py", line 1298, in process_update
    await coroutine
  File "c:\Users\daddodad\Desktop\CNR\.venv\Lib\site-packages\telegram\ext\_handlers\basehandler.py", line 158, in handle_update
    return await self.callback(update, context)
           ^^^^^^^^^^^^^^^^^^^^^^^^^^^^^^^^^^^^
  File "C:\Users\daddodad\Desktop\MawileBot\MawileBot\home\MawileBot\src\Commands.py", line 1011, in dex_command
    if not context.args:
                ^^^^^^^^^
  File "C:\Users\daddodad\Desktop\MawileBot\MawileBot\./home/MawileBot/src\poke_lib.py", line 383, in poke_dex2
    message += f' Tipo: {format_types(poke.get(name = pokemon_name).types)}\n\n'
                                      ^^^^^^^^^^^^^^^^^^^^^^^^^^^^^
  File "c:\Users\daddodad\Desktop\CNR\.venv\Lib\site-packages\pypokedex\api.py", line 32, in get
    raise PyPokedexHTTPError(
pypokedex.exceptions.PyPokedexHTTPError: The requested pokemon was not found!
2025-08-25 14:58:34,955 - INFO - HTTP Request: POST https://api.telegram.org/bot8115605790:AAF2BAAGm48-Rt-d5U44Mw7rLD02yo2v1hY/getUpdates "HTTP/1.1 200 OK"
2025-08-25 14:58:45,005 - INFO - HTTP Request: POST https://api.telegram.org/bot8115605790:AAF2BAAGm48-Rt-d5U44Mw7rLD02yo2v1hY/getUpdates "HTTP/1.1 200 OK"
2025-08-25 14:58:55,045 - INFO - HTTP Request: POST https://api.telegram.org/bot8115605790:AAF2BAAGm48-Rt-d5U44Mw7rLD02yo2v1hY/getUpdates "HTTP/1.1 200 OK"
2025-08-25 14:59:05,082 - INFO - HTTP Request: POST https://api.telegram.org/bot8115605790:AAF2BAAGm48-Rt-d5U44Mw7rLD02yo2v1hY/getUpdates "HTTP/1.1 200 OK"
2025-08-25 14:59:15,131 - INFO - HTTP Request: POST https://api.telegram.org/bot8115605790:AAF2BAAGm48-Rt-d5U44Mw7rLD02yo2v1hY/getUpdates "HTTP/1.1 200 OK"
2025-08-25 14:59:25,271 - INFO - HTTP Request: POST https://api.telegram.org/bot8115605790:AAF2BAAGm48-Rt-d5U44Mw7rLD02yo2v1hY/getUpdates "HTTP/1.1 200 OK"
2025-08-25 14:59:35,320 - INFO - HTTP Request: POST https://api.telegram.org/bot8115605790:AAF2BAAGm48-Rt-d5U44Mw7rLD02yo2v1hY/getUpdates "HTTP/1.1 200 OK"
2025-08-25 14:59:45,351 - INFO - HTTP Request: POST https://api.telegram.org/bot8115605790:AAF2BAAGm48-Rt-d5U44Mw7rLD02yo2v1hY/getUpdates "HTTP/1.1 200 OK"
2025-08-25 14:59:55,390 - INFO - HTTP Request: POST https://api.telegram.org/bot8115605790:AAF2BAAGm48-Rt-d5U44Mw7rLD02yo2v1hY/getUpdates "HTTP/1.1 200 OK"
2025-08-25 15:00:05,438 - INFO - HTTP Request: POST https://api.telegram.org/bot8115605790:AAF2BAAGm48-Rt-d5U44Mw7rLD02yo2v1hY/getUpdates "HTTP/1.1 200 OK"
2025-08-25 15:00:14,426 - INFO - HTTP Request: POST https://api.telegram.org/bot8115605790:AAF2BAAGm48-Rt-d5U44Mw7rLD02yo2v1hY/getUpdates "HTTP/1.1 200 OK"
2025-08-25 15:00:14,426 - INFO - Application is stopping. This might take a moment.
2025-08-25 15:00:14,426 - INFO - Application.stop() complete
2025-08-25 15:00:21,770 - INFO - HTTP Request: POST https://api.telegram.org/bot8115605790:AAF2BAAGm48-Rt-d5U44Mw7rLD02yo2v1hY/getMe "HTTP/1.1 200 OK"
2025-08-25 15:00:21,817 - INFO - HTTP Request: POST https://api.telegram.org/bot8115605790:AAF2BAAGm48-Rt-d5U44Mw7rLD02yo2v1hY/setMyCommands "HTTP/1.1 200 OK"
2025-08-25 15:00:21,864 - INFO - HTTP Request: POST https://api.telegram.org/bot8115605790:AAF2BAAGm48-Rt-d5U44Mw7rLD02yo2v1hY/deleteWebhook "HTTP/1.1 200 OK"
2025-08-25 15:00:27,956 - INFO - HTTP Request: POST https://api.telegram.org/bot8115605790:AAF2BAAGm48-Rt-d5U44Mw7rLD02yo2v1hY/getUpdates "HTTP/1.1 200 OK"
2025-08-25 15:00:27,956 - INFO - Daddodad (454010613,Davide) called /dex
2025-08-25 15:00:28,176 - INFO - HTTP Request: POST https://api.telegram.org/bot8115605790:AAF2BAAGm48-Rt-d5U44Mw7rLD02yo2v1hY/sendMessage "HTTP/1.1 200 OK"
2025-08-25 15:00:49,688 - INFO - HTTP Request: POST https://api.telegram.org/bot8115605790:AAF2BAAGm48-Rt-d5U44Mw7rLD02yo2v1hY/getUpdates "HTTP/1.1 200 OK"
2025-08-25 15:00:49,896 - INFO - HTTP Request: POST https://api.telegram.org/bot8115605790:AAF2BAAGm48-Rt-d5U44Mw7rLD02yo2v1hY/sendMessage "HTTP/1.1 200 OK"
2025-08-25 15:00:57,372 - INFO - HTTP Request: POST https://api.telegram.org/bot8115605790:AAF2BAAGm48-Rt-d5U44Mw7rLD02yo2v1hY/getMe "HTTP/1.1 200 OK"
2025-08-25 15:00:57,481 - INFO - HTTP Request: POST https://api.telegram.org/bot8115605790:AAF2BAAGm48-Rt-d5U44Mw7rLD02yo2v1hY/setMyCommands "HTTP/1.1 200 OK"
2025-08-25 15:00:57,513 - INFO - HTTP Request: POST https://api.telegram.org/bot8115605790:AAF2BAAGm48-Rt-d5U44Mw7rLD02yo2v1hY/deleteWebhook "HTTP/1.1 200 OK"
2025-08-25 15:00:59,412 - INFO - HTTP Request: POST https://api.telegram.org/bot8115605790:AAF2BAAGm48-Rt-d5U44Mw7rLD02yo2v1hY/getUpdates "HTTP/1.1 200 OK"
2025-08-25 15:00:59,412 - INFO - Daddodad (454010613,Davide) called /dex
2025-08-25 15:00:59,599 - INFO - HTTP Request: POST https://api.telegram.org/bot8115605790:AAF2BAAGm48-Rt-d5U44Mw7rLD02yo2v1hY/sendMessage "HTTP/1.1 200 OK"
2025-08-25 15:01:21,152 - INFO - HTTP Request: POST https://api.telegram.org/bot8115605790:AAF2BAAGm48-Rt-d5U44Mw7rLD02yo2v1hY/getUpdates "HTTP/1.1 200 OK"
2025-08-25 15:01:21,328 - INFO - HTTP Request: POST https://api.telegram.org/bot8115605790:AAF2BAAGm48-Rt-d5U44Mw7rLD02yo2v1hY/sendMessage "HTTP/1.1 200 OK"
2025-08-25 15:01:31,192 - INFO - HTTP Request: POST https://api.telegram.org/bot8115605790:AAF2BAAGm48-Rt-d5U44Mw7rLD02yo2v1hY/getUpdates "HTTP/1.1 200 OK"
2025-08-25 15:01:41,238 - INFO - HTTP Request: POST https://api.telegram.org/bot8115605790:AAF2BAAGm48-Rt-d5U44Mw7rLD02yo2v1hY/getUpdates "HTTP/1.1 200 OK"
2025-08-25 15:01:49,954 - INFO - HTTP Request: POST https://api.telegram.org/bot8115605790:AAF2BAAGm48-Rt-d5U44Mw7rLD02yo2v1hY/getUpdates "HTTP/1.1 200 OK"
2025-10-13 20:13:00,974 - INFO - HTTP Request: POST https://api.telegram.org/bot8115605790:AAF2BAAGm48-Rt-d5U44Mw7rLD02yo2v1hY/getMe "HTTP/1.1 200 OK"
2025-10-13 20:13:01,053 - INFO - HTTP Request: POST https://api.telegram.org/bot8115605790:AAF2BAAGm48-Rt-d5U44Mw7rLD02yo2v1hY/setMyCommands "HTTP/1.1 200 OK"
2025-10-13 20:13:01,099 - INFO - HTTP Request: POST https://api.telegram.org/bot8115605790:AAF2BAAGm48-Rt-d5U44Mw7rLD02yo2v1hY/deleteWebhook "HTTP/1.1 200 OK"
2025-10-13 20:13:11,220 - INFO - HTTP Request: POST https://api.telegram.org/bot8115605790:AAF2BAAGm48-Rt-d5U44Mw7rLD02yo2v1hY/getUpdates "HTTP/1.1 200 OK"
2025-10-13 20:13:21,250 - INFO - HTTP Request: POST https://api.telegram.org/bot8115605790:AAF2BAAGm48-Rt-d5U44Mw7rLD02yo2v1hY/getUpdates "HTTP/1.1 200 OK"
2025-10-13 20:13:31,305 - INFO - HTTP Request: POST https://api.telegram.org/bot8115605790:AAF2BAAGm48-Rt-d5U44Mw7rLD02yo2v1hY/getUpdates "HTTP/1.1 200 OK"
2025-10-13 20:13:41,334 - INFO - HTTP Request: POST https://api.telegram.org/bot8115605790:AAF2BAAGm48-Rt-d5U44Mw7rLD02yo2v1hY/getUpdates "HTTP/1.1 200 OK"
2025-10-13 20:13:51,377 - INFO - HTTP Request: POST https://api.telegram.org/bot8115605790:AAF2BAAGm48-Rt-d5U44Mw7rLD02yo2v1hY/getUpdates "HTTP/1.1 200 OK"
2025-10-13 20:14:01,420 - INFO - HTTP Request: POST https://api.telegram.org/bot8115605790:AAF2BAAGm48-Rt-d5U44Mw7rLD02yo2v1hY/getUpdates "HTTP/1.1 200 OK"
2025-10-13 20:14:11,463 - INFO - HTTP Request: POST https://api.telegram.org/bot8115605790:AAF2BAAGm48-Rt-d5U44Mw7rLD02yo2v1hY/getUpdates "HTTP/1.1 200 OK"
2025-10-13 20:14:21,506 - INFO - HTTP Request: POST https://api.telegram.org/bot8115605790:AAF2BAAGm48-Rt-d5U44Mw7rLD02yo2v1hY/getUpdates "HTTP/1.1 200 OK"
2025-10-13 20:14:23,887 - INFO - HTTP Request: POST https://api.telegram.org/bot8115605790:AAF2BAAGm48-Rt-d5U44Mw7rLD02yo2v1hY/getUpdates "HTTP/1.1 200 OK"
2025-10-13 20:14:23,887 - INFO - Daddodad (454010613,Davide) called /start
2025-10-13 20:14:24,217 - INFO - HTTP Request: POST https://api.telegram.org/bot8115605790:AAF2BAAGm48-Rt-d5U44Mw7rLD02yo2v1hY/sendMessage "HTTP/1.1 200 OK"
2025-10-13 20:14:34,055 - INFO - HTTP Request: POST https://api.telegram.org/bot8115605790:AAF2BAAGm48-Rt-d5U44Mw7rLD02yo2v1hY/getUpdates "HTTP/1.1 200 OK"
2025-10-13 20:14:44,098 - INFO - HTTP Request: POST https://api.telegram.org/bot8115605790:AAF2BAAGm48-Rt-d5U44Mw7rLD02yo2v1hY/getUpdates "HTTP/1.1 200 OK"
2025-10-13 20:14:54,141 - INFO - HTTP Request: POST https://api.telegram.org/bot8115605790:AAF2BAAGm48-Rt-d5U44Mw7rLD02yo2v1hY/getUpdates "HTTP/1.1 200 OK"
2025-10-13 20:15:04,184 - INFO - HTTP Request: POST https://api.telegram.org/bot8115605790:AAF2BAAGm48-Rt-d5U44Mw7rLD02yo2v1hY/getUpdates "HTTP/1.1 200 OK"
2025-10-13 20:15:14,227 - INFO - HTTP Request: POST https://api.telegram.org/bot8115605790:AAF2BAAGm48-Rt-d5U44Mw7rLD02yo2v1hY/getUpdates "HTTP/1.1 200 OK"
2025-10-13 20:15:24,270 - INFO - HTTP Request: POST https://api.telegram.org/bot8115605790:AAF2BAAGm48-Rt-d5U44Mw7rLD02yo2v1hY/getUpdates "HTTP/1.1 200 OK"
2025-10-13 20:15:34,312 - INFO - HTTP Request: POST https://api.telegram.org/bot8115605790:AAF2BAAGm48-Rt-d5U44Mw7rLD02yo2v1hY/getUpdates "HTTP/1.1 200 OK"
2025-10-13 20:15:44,340 - INFO - HTTP Request: POST https://api.telegram.org/bot8115605790:AAF2BAAGm48-Rt-d5U44Mw7rLD02yo2v1hY/getUpdates "HTTP/1.1 200 OK"
2025-10-13 20:15:54,384 - INFO - HTTP Request: POST https://api.telegram.org/bot8115605790:AAF2BAAGm48-Rt-d5U44Mw7rLD02yo2v1hY/getUpdates "HTTP/1.1 200 OK"
2025-10-13 20:16:04,426 - INFO - HTTP Request: POST https://api.telegram.org/bot8115605790:AAF2BAAGm48-Rt-d5U44Mw7rLD02yo2v1hY/getUpdates "HTTP/1.1 200 OK"
2025-10-13 20:16:14,469 - INFO - HTTP Request: POST https://api.telegram.org/bot8115605790:AAF2BAAGm48-Rt-d5U44Mw7rLD02yo2v1hY/getUpdates "HTTP/1.1 200 OK"
2025-10-13 20:16:24,497 - INFO - HTTP Request: POST https://api.telegram.org/bot8115605790:AAF2BAAGm48-Rt-d5U44Mw7rLD02yo2v1hY/getUpdates "HTTP/1.1 200 OK"
2025-10-13 20:16:34,540 - INFO - HTTP Request: POST https://api.telegram.org/bot8115605790:AAF2BAAGm48-Rt-d5U44Mw7rLD02yo2v1hY/getUpdates "HTTP/1.1 200 OK"
2025-10-13 20:16:44,582 - INFO - HTTP Request: POST https://api.telegram.org/bot8115605790:AAF2BAAGm48-Rt-d5U44Mw7rLD02yo2v1hY/getUpdates "HTTP/1.1 200 OK"
2025-10-13 20:16:54,626 - INFO - HTTP Request: POST https://api.telegram.org/bot8115605790:AAF2BAAGm48-Rt-d5U44Mw7rLD02yo2v1hY/getUpdates "HTTP/1.1 200 OK"
2025-10-13 20:17:04,668 - INFO - HTTP Request: POST https://api.telegram.org/bot8115605790:AAF2BAAGm48-Rt-d5U44Mw7rLD02yo2v1hY/getUpdates "HTTP/1.1 200 OK"
2025-10-13 20:17:14,712 - INFO - HTTP Request: POST https://api.telegram.org/bot8115605790:AAF2BAAGm48-Rt-d5U44Mw7rLD02yo2v1hY/getUpdates "HTTP/1.1 200 OK"
2025-10-13 20:17:24,753 - INFO - HTTP Request: POST https://api.telegram.org/bot8115605790:AAF2BAAGm48-Rt-d5U44Mw7rLD02yo2v1hY/getUpdates "HTTP/1.1 200 OK"
2025-10-13 20:17:34,796 - INFO - HTTP Request: POST https://api.telegram.org/bot8115605790:AAF2BAAGm48-Rt-d5U44Mw7rLD02yo2v1hY/getUpdates "HTTP/1.1 200 OK"
2025-10-13 20:17:44,824 - INFO - HTTP Request: POST https://api.telegram.org/bot8115605790:AAF2BAAGm48-Rt-d5U44Mw7rLD02yo2v1hY/getUpdates "HTTP/1.1 200 OK"
2025-10-13 20:17:54,867 - INFO - HTTP Request: POST https://api.telegram.org/bot8115605790:AAF2BAAGm48-Rt-d5U44Mw7rLD02yo2v1hY/getUpdates "HTTP/1.1 200 OK"
2025-10-13 20:18:04,907 - INFO - HTTP Request: POST https://api.telegram.org/bot8115605790:AAF2BAAGm48-Rt-d5U44Mw7rLD02yo2v1hY/getUpdates "HTTP/1.1 200 OK"
2025-10-13 20:18:14,930 - INFO - HTTP Request: POST https://api.telegram.org/bot8115605790:AAF2BAAGm48-Rt-d5U44Mw7rLD02yo2v1hY/getUpdates "HTTP/1.1 200 OK"
2025-10-13 20:18:24,981 - INFO - HTTP Request: POST https://api.telegram.org/bot8115605790:AAF2BAAGm48-Rt-d5U44Mw7rLD02yo2v1hY/getUpdates "HTTP/1.1 200 OK"
2025-10-13 20:18:35,009 - INFO - HTTP Request: POST https://api.telegram.org/bot8115605790:AAF2BAAGm48-Rt-d5U44Mw7rLD02yo2v1hY/getUpdates "HTTP/1.1 200 OK"
2025-10-13 20:18:45,050 - INFO - HTTP Request: POST https://api.telegram.org/bot8115605790:AAF2BAAGm48-Rt-d5U44Mw7rLD02yo2v1hY/getUpdates "HTTP/1.1 200 OK"
2025-10-13 20:18:55,092 - INFO - HTTP Request: POST https://api.telegram.org/bot8115605790:AAF2BAAGm48-Rt-d5U44Mw7rLD02yo2v1hY/getUpdates "HTTP/1.1 200 OK"
2025-10-13 20:19:05,136 - INFO - HTTP Request: POST https://api.telegram.org/bot8115605790:AAF2BAAGm48-Rt-d5U44Mw7rLD02yo2v1hY/getUpdates "HTTP/1.1 200 OK"
2025-10-13 20:19:15,164 - INFO - HTTP Request: POST https://api.telegram.org/bot8115605790:AAF2BAAGm48-Rt-d5U44Mw7rLD02yo2v1hY/getUpdates "HTTP/1.1 200 OK"
2025-10-13 20:19:25,206 - INFO - HTTP Request: POST https://api.telegram.org/bot8115605790:AAF2BAAGm48-Rt-d5U44Mw7rLD02yo2v1hY/getUpdates "HTTP/1.1 200 OK"
2025-10-13 20:19:35,252 - INFO - HTTP Request: POST https://api.telegram.org/bot8115605790:AAF2BAAGm48-Rt-d5U44Mw7rLD02yo2v1hY/getUpdates "HTTP/1.1 200 OK"
2025-10-13 20:19:45,284 - INFO - HTTP Request: POST https://api.telegram.org/bot8115605790:AAF2BAAGm48-Rt-d5U44Mw7rLD02yo2v1hY/getUpdates "HTTP/1.1 200 OK"
2025-10-13 20:19:55,335 - INFO - HTTP Request: POST https://api.telegram.org/bot8115605790:AAF2BAAGm48-Rt-d5U44Mw7rLD02yo2v1hY/getUpdates "HTTP/1.1 200 OK"
2025-10-13 20:20:05,367 - INFO - HTTP Request: POST https://api.telegram.org/bot8115605790:AAF2BAAGm48-Rt-d5U44Mw7rLD02yo2v1hY/getUpdates "HTTP/1.1 200 OK"
2025-10-13 20:20:15,410 - INFO - HTTP Request: POST https://api.telegram.org/bot8115605790:AAF2BAAGm48-Rt-d5U44Mw7rLD02yo2v1hY/getUpdates "HTTP/1.1 200 OK"
2025-10-13 20:20:25,468 - INFO - HTTP Request: POST https://api.telegram.org/bot8115605790:AAF2BAAGm48-Rt-d5U44Mw7rLD02yo2v1hY/getUpdates "HTTP/1.1 200 OK"
2025-10-13 20:20:35,513 - INFO - HTTP Request: POST https://api.telegram.org/bot8115605790:AAF2BAAGm48-Rt-d5U44Mw7rLD02yo2v1hY/getUpdates "HTTP/1.1 200 OK"
2025-10-13 20:20:45,539 - INFO - HTTP Request: POST https://api.telegram.org/bot8115605790:AAF2BAAGm48-Rt-d5U44Mw7rLD02yo2v1hY/getUpdates "HTTP/1.1 200 OK"
2025-10-13 20:20:55,582 - INFO - HTTP Request: POST https://api.telegram.org/bot8115605790:AAF2BAAGm48-Rt-d5U44Mw7rLD02yo2v1hY/getUpdates "HTTP/1.1 200 OK"
2025-10-13 20:21:05,625 - INFO - HTTP Request: POST https://api.telegram.org/bot8115605790:AAF2BAAGm48-Rt-d5U44Mw7rLD02yo2v1hY/getUpdates "HTTP/1.1 200 OK"
2025-10-13 20:21:15,651 - INFO - HTTP Request: POST https://api.telegram.org/bot8115605790:AAF2BAAGm48-Rt-d5U44Mw7rLD02yo2v1hY/getUpdates "HTTP/1.1 200 OK"
2025-10-13 20:21:25,694 - INFO - HTTP Request: POST https://api.telegram.org/bot8115605790:AAF2BAAGm48-Rt-d5U44Mw7rLD02yo2v1hY/getUpdates "HTTP/1.1 200 OK"
2025-10-13 20:21:35,736 - INFO - HTTP Request: POST https://api.telegram.org/bot8115605790:AAF2BAAGm48-Rt-d5U44Mw7rLD02yo2v1hY/getUpdates "HTTP/1.1 200 OK"
2025-10-13 20:21:45,780 - INFO - HTTP Request: POST https://api.telegram.org/bot8115605790:AAF2BAAGm48-Rt-d5U44Mw7rLD02yo2v1hY/getUpdates "HTTP/1.1 200 OK"
2025-10-13 20:21:55,823 - INFO - HTTP Request: POST https://api.telegram.org/bot8115605790:AAF2BAAGm48-Rt-d5U44Mw7rLD02yo2v1hY/getUpdates "HTTP/1.1 200 OK"
2025-10-13 20:22:05,866 - INFO - HTTP Request: POST https://api.telegram.org/bot8115605790:AAF2BAAGm48-Rt-d5U44Mw7rLD02yo2v1hY/getUpdates "HTTP/1.1 200 OK"
2025-10-13 20:22:15,909 - INFO - HTTP Request: POST https://api.telegram.org/bot8115605790:AAF2BAAGm48-Rt-d5U44Mw7rLD02yo2v1hY/getUpdates "HTTP/1.1 200 OK"
2025-10-13 20:22:25,952 - INFO - HTTP Request: POST https://api.telegram.org/bot8115605790:AAF2BAAGm48-Rt-d5U44Mw7rLD02yo2v1hY/getUpdates "HTTP/1.1 200 OK"
2025-10-13 20:22:35,978 - INFO - HTTP Request: POST https://api.telegram.org/bot8115605790:AAF2BAAGm48-Rt-d5U44Mw7rLD02yo2v1hY/getUpdates "HTTP/1.1 200 OK"
2025-10-13 20:22:46,023 - INFO - HTTP Request: POST https://api.telegram.org/bot8115605790:AAF2BAAGm48-Rt-d5U44Mw7rLD02yo2v1hY/getUpdates "HTTP/1.1 200 OK"
2025-10-13 20:22:56,057 - INFO - HTTP Request: POST https://api.telegram.org/bot8115605790:AAF2BAAGm48-Rt-d5U44Mw7rLD02yo2v1hY/getUpdates "HTTP/1.1 200 OK"
2025-10-13 20:27:17,365 - INFO - HTTP Request: POST https://api.telegram.org/bot8115605790:AAF2BAAGm48-Rt-d5U44Mw7rLD02yo2v1hY/getMe "HTTP/1.1 200 OK"
2025-10-13 20:27:17,417 - INFO - HTTP Request: POST https://api.telegram.org/bot8115605790:AAF2BAAGm48-Rt-d5U44Mw7rLD02yo2v1hY/setMyCommands "HTTP/1.1 200 OK"
2025-10-13 20:27:17,453 - INFO - HTTP Request: POST https://api.telegram.org/bot8115605790:AAF2BAAGm48-Rt-d5U44Mw7rLD02yo2v1hY/deleteWebhook "HTTP/1.1 200 OK"
2025-10-13 20:27:27,565 - INFO - HTTP Request: POST https://api.telegram.org/bot8115605790:AAF2BAAGm48-Rt-d5U44Mw7rLD02yo2v1hY/getUpdates "HTTP/1.1 200 OK"
2025-10-13 20:27:28,740 - INFO - HTTP Request: POST https://api.telegram.org/bot8115605790:AAF2BAAGm48-Rt-d5U44Mw7rLD02yo2v1hY/getUpdates "HTTP/1.1 200 OK"
2025-10-13 20:27:28,740 - INFO - Daddodad (454010613,Davide) called /start
2025-10-13 20:27:28,931 - INFO - HTTP Request: POST https://api.telegram.org/bot8115605790:AAF2BAAGm48-Rt-d5U44Mw7rLD02yo2v1hY/sendMessage "HTTP/1.1 200 OK"
2025-10-13 20:27:38,771 - INFO - HTTP Request: POST https://api.telegram.org/bot8115605790:AAF2BAAGm48-Rt-d5U44Mw7rLD02yo2v1hY/getUpdates "HTTP/1.1 200 OK"
2025-10-13 20:27:48,816 - INFO - HTTP Request: POST https://api.telegram.org/bot8115605790:AAF2BAAGm48-Rt-d5U44Mw7rLD02yo2v1hY/getUpdates "HTTP/1.1 200 OK"
2025-10-13 20:27:58,866 - INFO - HTTP Request: POST https://api.telegram.org/bot8115605790:AAF2BAAGm48-Rt-d5U44Mw7rLD02yo2v1hY/getUpdates "HTTP/1.1 200 OK"
2025-10-13 20:28:08,910 - INFO - HTTP Request: POST https://api.telegram.org/bot8115605790:AAF2BAAGm48-Rt-d5U44Mw7rLD02yo2v1hY/getUpdates "HTTP/1.1 200 OK"
2025-10-13 20:28:18,943 - INFO - HTTP Request: POST https://api.telegram.org/bot8115605790:AAF2BAAGm48-Rt-d5U44Mw7rLD02yo2v1hY/getUpdates "HTTP/1.1 200 OK"
2025-10-13 20:28:28,992 - INFO - HTTP Request: POST https://api.telegram.org/bot8115605790:AAF2BAAGm48-Rt-d5U44Mw7rLD02yo2v1hY/getUpdates "HTTP/1.1 200 OK"
2025-10-13 20:28:39,036 - INFO - HTTP Request: POST https://api.telegram.org/bot8115605790:AAF2BAAGm48-Rt-d5U44Mw7rLD02yo2v1hY/getUpdates "HTTP/1.1 200 OK"
2025-10-13 20:28:41,608 - INFO - HTTP Request: POST https://api.telegram.org/bot8115605790:AAF2BAAGm48-Rt-d5U44Mw7rLD02yo2v1hY/getUpdates "HTTP/1.1 200 OK"
2025-10-13 20:28:41,623 - INFO - Daddodad (454010613,Davide) sent a photo
2025-10-13 20:28:41,801 - INFO - HTTP Request: POST https://api.telegram.org/bot8115605790:AAF2BAAGm48-Rt-d5U44Mw7rLD02yo2v1hY/sendMessage "HTTP/1.1 200 OK"
2025-10-13 20:28:41,841 - INFO - HTTP Request: POST https://api.telegram.org/bot8115605790:AAF2BAAGm48-Rt-d5U44Mw7rLD02yo2v1hY/getFile "HTTP/1.1 200 OK"
2025-10-13 20:28:41,890 - INFO - HTTP Request: GET https://api.telegram.org/file/bot8115605790%3AAAF2BAAGm48-Rt-d5U44Mw7rLD02yo2v1hY/photos/file_19.jpg "HTTP/1.1 200 OK"
2025-10-13 20:28:46,065 - INFO - HTTP Request: POST https://api.telegram.org/bot8115605790:AAF2BAAGm48-Rt-d5U44Mw7rLD02yo2v1hY/sendMessage "HTTP/1.1 200 OK"
2025-10-13 20:28:51,668 - INFO - HTTP Request: POST https://api.telegram.org/bot8115605790:AAF2BAAGm48-Rt-d5U44Mw7rLD02yo2v1hY/getUpdates "HTTP/1.1 200 OK"
2025-10-13 20:29:01,705 - INFO - HTTP Request: POST https://api.telegram.org/bot8115605790:AAF2BAAGm48-Rt-d5U44Mw7rLD02yo2v1hY/getUpdates "HTTP/1.1 200 OK"
2025-10-13 20:29:05,340 - INFO - HTTP Request: POST https://api.telegram.org/bot8115605790:AAF2BAAGm48-Rt-d5U44Mw7rLD02yo2v1hY/getUpdates "HTTP/1.1 200 OK"
2025-10-13 20:29:05,340 - INFO - Daddodad (454010613,Davide) sent a photo
2025-10-13 20:29:05,615 - INFO - HTTP Request: POST https://api.telegram.org/bot8115605790:AAF2BAAGm48-Rt-d5U44Mw7rLD02yo2v1hY/sendMessage "HTTP/1.1 200 OK"
2025-10-13 20:29:05,651 - INFO - HTTP Request: POST https://api.telegram.org/bot8115605790:AAF2BAAGm48-Rt-d5U44Mw7rLD02yo2v1hY/getFile "HTTP/1.1 200 OK"
2025-10-13 20:29:05,740 - INFO - HTTP Request: GET https://api.telegram.org/file/bot8115605790%3AAAF2BAAGm48-Rt-d5U44Mw7rLD02yo2v1hY/photos/file_19.jpg "HTTP/1.1 200 OK"
2025-10-13 20:29:08,303 - INFO - HTTP Request: POST https://api.telegram.org/bot8115605790:AAF2BAAGm48-Rt-d5U44Mw7rLD02yo2v1hY/sendMessage "HTTP/1.1 200 OK"
2025-10-13 20:29:15,383 - INFO - HTTP Request: POST https://api.telegram.org/bot8115605790:AAF2BAAGm48-Rt-d5U44Mw7rLD02yo2v1hY/getUpdates "HTTP/1.1 200 OK"
2025-10-13 20:29:28,155 - INFO - HTTP Request: POST https://api.telegram.org/bot8115605790:AAF2BAAGm48-Rt-d5U44Mw7rLD02yo2v1hY/getMe "HTTP/1.1 200 OK"
2025-10-13 20:29:28,219 - INFO - HTTP Request: POST https://api.telegram.org/bot8115605790:AAF2BAAGm48-Rt-d5U44Mw7rLD02yo2v1hY/setMyCommands "HTTP/1.1 200 OK"
2025-10-13 20:29:28,257 - INFO - HTTP Request: POST https://api.telegram.org/bot8115605790:AAF2BAAGm48-Rt-d5U44Mw7rLD02yo2v1hY/deleteWebhook "HTTP/1.1 200 OK"
2025-10-13 20:29:34,638 - INFO - HTTP Request: POST https://api.telegram.org/bot8115605790:AAF2BAAGm48-Rt-d5U44Mw7rLD02yo2v1hY/getUpdates "HTTP/1.1 200 OK"
2025-10-13 20:29:34,638 - INFO - Daddodad (454010613,Davide) sent a photo
2025-10-13 20:29:34,776 - INFO - HTTP Request: POST https://api.telegram.org/bot8115605790:AAF2BAAGm48-Rt-d5U44Mw7rLD02yo2v1hY/sendMessage "HTTP/1.1 200 OK"
2025-10-13 20:29:34,821 - INFO - HTTP Request: POST https://api.telegram.org/bot8115605790:AAF2BAAGm48-Rt-d5U44Mw7rLD02yo2v1hY/getFile "HTTP/1.1 200 OK"
2025-10-13 20:29:34,890 - INFO - HTTP Request: GET https://api.telegram.org/file/bot8115605790%3AAAF2BAAGm48-Rt-d5U44Mw7rLD02yo2v1hY/photos/file_19.jpg "HTTP/1.1 200 OK"
2025-10-13 20:29:38,436 - INFO - HTTP Request: POST https://api.telegram.org/bot8115605790:AAF2BAAGm48-Rt-d5U44Mw7rLD02yo2v1hY/sendMessage "HTTP/1.1 200 OK"
2025-10-13 20:29:44,684 - INFO - HTTP Request: POST https://api.telegram.org/bot8115605790:AAF2BAAGm48-Rt-d5U44Mw7rLD02yo2v1hY/getUpdates "HTTP/1.1 200 OK"
2025-10-13 20:29:54,715 - INFO - HTTP Request: POST https://api.telegram.org/bot8115605790:AAF2BAAGm48-Rt-d5U44Mw7rLD02yo2v1hY/getUpdates "HTTP/1.1 200 OK"
2025-10-13 20:30:04,775 - INFO - HTTP Request: POST https://api.telegram.org/bot8115605790:AAF2BAAGm48-Rt-d5U44Mw7rLD02yo2v1hY/getUpdates "HTTP/1.1 200 OK"
2025-10-13 20:30:14,816 - INFO - HTTP Request: POST https://api.telegram.org/bot8115605790:AAF2BAAGm48-Rt-d5U44Mw7rLD02yo2v1hY/getUpdates "HTTP/1.1 200 OK"
2025-10-13 20:30:24,866 - INFO - HTTP Request: POST https://api.telegram.org/bot8115605790:AAF2BAAGm48-Rt-d5U44Mw7rLD02yo2v1hY/getUpdates "HTTP/1.1 200 OK"
2025-10-13 20:30:34,902 - INFO - HTTP Request: POST https://api.telegram.org/bot8115605790:AAF2BAAGm48-Rt-d5U44Mw7rLD02yo2v1hY/getUpdates "HTTP/1.1 200 OK"
2025-10-13 20:30:44,935 - INFO - HTTP Request: POST https://api.telegram.org/bot8115605790:AAF2BAAGm48-Rt-d5U44Mw7rLD02yo2v1hY/getUpdates "HTTP/1.1 200 OK"
2025-10-13 20:30:54,980 - INFO - HTTP Request: POST https://api.telegram.org/bot8115605790:AAF2BAAGm48-Rt-d5U44Mw7rLD02yo2v1hY/getUpdates "HTTP/1.1 200 OK"
2025-10-13 20:31:05,014 - INFO - HTTP Request: POST https://api.telegram.org/bot8115605790:AAF2BAAGm48-Rt-d5U44Mw7rLD02yo2v1hY/getUpdates "HTTP/1.1 200 OK"
2025-10-13 20:31:15,067 - INFO - HTTP Request: POST https://api.telegram.org/bot8115605790:AAF2BAAGm48-Rt-d5U44Mw7rLD02yo2v1hY/getUpdates "HTTP/1.1 200 OK"
2025-10-13 20:31:25,095 - INFO - HTTP Request: POST https://api.telegram.org/bot8115605790:AAF2BAAGm48-Rt-d5U44Mw7rLD02yo2v1hY/getUpdates "HTTP/1.1 200 OK"
2025-10-13 20:31:35,155 - INFO - HTTP Request: POST https://api.telegram.org/bot8115605790:AAF2BAAGm48-Rt-d5U44Mw7rLD02yo2v1hY/getUpdates "HTTP/1.1 200 OK"
2025-10-13 20:31:45,199 - INFO - HTTP Request: POST https://api.telegram.org/bot8115605790:AAF2BAAGm48-Rt-d5U44Mw7rLD02yo2v1hY/getUpdates "HTTP/1.1 200 OK"
2025-10-13 20:31:55,241 - INFO - HTTP Request: POST https://api.telegram.org/bot8115605790:AAF2BAAGm48-Rt-d5U44Mw7rLD02yo2v1hY/getUpdates "HTTP/1.1 200 OK"
2025-10-13 20:32:05,279 - INFO - HTTP Request: POST https://api.telegram.org/bot8115605790:AAF2BAAGm48-Rt-d5U44Mw7rLD02yo2v1hY/getUpdates "HTTP/1.1 200 OK"
2025-10-13 20:32:15,323 - INFO - HTTP Request: POST https://api.telegram.org/bot8115605790:AAF2BAAGm48-Rt-d5U44Mw7rLD02yo2v1hY/getUpdates "HTTP/1.1 200 OK"
2025-10-13 20:32:25,362 - INFO - HTTP Request: POST https://api.telegram.org/bot8115605790:AAF2BAAGm48-Rt-d5U44Mw7rLD02yo2v1hY/getUpdates "HTTP/1.1 200 OK"
2025-10-13 20:32:35,400 - INFO - HTTP Request: POST https://api.telegram.org/bot8115605790:AAF2BAAGm48-Rt-d5U44Mw7rLD02yo2v1hY/getUpdates "HTTP/1.1 200 OK"
2025-10-13 20:32:45,442 - INFO - HTTP Request: POST https://api.telegram.org/bot8115605790:AAF2BAAGm48-Rt-d5U44Mw7rLD02yo2v1hY/getUpdates "HTTP/1.1 200 OK"
2025-10-13 20:32:55,484 - INFO - HTTP Request: POST https://api.telegram.org/bot8115605790:AAF2BAAGm48-Rt-d5U44Mw7rLD02yo2v1hY/getUpdates "HTTP/1.1 200 OK"
2025-10-13 20:33:05,525 - INFO - HTTP Request: POST https://api.telegram.org/bot8115605790:AAF2BAAGm48-Rt-d5U44Mw7rLD02yo2v1hY/getUpdates "HTTP/1.1 200 OK"
2025-10-13 20:33:15,572 - INFO - HTTP Request: POST https://api.telegram.org/bot8115605790:AAF2BAAGm48-Rt-d5U44Mw7rLD02yo2v1hY/getUpdates "HTTP/1.1 200 OK"
2025-10-13 20:33:25,613 - INFO - HTTP Request: POST https://api.telegram.org/bot8115605790:AAF2BAAGm48-Rt-d5U44Mw7rLD02yo2v1hY/getUpdates "HTTP/1.1 200 OK"
2025-10-13 20:33:35,665 - INFO - HTTP Request: POST https://api.telegram.org/bot8115605790:AAF2BAAGm48-Rt-d5U44Mw7rLD02yo2v1hY/getUpdates "HTTP/1.1 200 OK"
2025-10-13 20:33:45,709 - INFO - HTTP Request: POST https://api.telegram.org/bot8115605790:AAF2BAAGm48-Rt-d5U44Mw7rLD02yo2v1hY/getUpdates "HTTP/1.1 200 OK"
2025-10-13 20:33:55,750 - INFO - HTTP Request: POST https://api.telegram.org/bot8115605790:AAF2BAAGm48-Rt-d5U44Mw7rLD02yo2v1hY/getUpdates "HTTP/1.1 200 OK"
2025-10-13 20:34:05,791 - INFO - HTTP Request: POST https://api.telegram.org/bot8115605790:AAF2BAAGm48-Rt-d5U44Mw7rLD02yo2v1hY/getUpdates "HTTP/1.1 200 OK"
2025-10-13 20:34:15,834 - INFO - HTTP Request: POST https://api.telegram.org/bot8115605790:AAF2BAAGm48-Rt-d5U44Mw7rLD02yo2v1hY/getUpdates "HTTP/1.1 200 OK"
2025-10-13 20:34:25,874 - INFO - HTTP Request: POST https://api.telegram.org/bot8115605790:AAF2BAAGm48-Rt-d5U44Mw7rLD02yo2v1hY/getUpdates "HTTP/1.1 200 OK"
2025-10-13 20:34:35,905 - INFO - HTTP Request: POST https://api.telegram.org/bot8115605790:AAF2BAAGm48-Rt-d5U44Mw7rLD02yo2v1hY/getUpdates "HTTP/1.1 200 OK"
2025-10-13 20:34:42,695 - INFO - HTTP Request: POST https://api.telegram.org/bot8115605790:AAF2BAAGm48-Rt-d5U44Mw7rLD02yo2v1hY/getUpdates "HTTP/1.1 200 OK"
2025-10-13 20:34:54,034 - INFO - HTTP Request: POST https://api.telegram.org/bot8115605790:AAF2BAAGm48-Rt-d5U44Mw7rLD02yo2v1hY/getMe "HTTP/1.1 200 OK"
2025-10-13 20:34:54,193 - INFO - HTTP Request: POST https://api.telegram.org/bot8115605790:AAF2BAAGm48-Rt-d5U44Mw7rLD02yo2v1hY/setMyCommands "HTTP/1.1 200 OK"
2025-10-13 20:34:54,218 - INFO - HTTP Request: POST https://api.telegram.org/bot8115605790:AAF2BAAGm48-Rt-d5U44Mw7rLD02yo2v1hY/deleteWebhook "HTTP/1.1 200 OK"
2025-10-13 20:34:56,592 - INFO - HTTP Request: POST https://api.telegram.org/bot8115605790:AAF2BAAGm48-Rt-d5U44Mw7rLD02yo2v1hY/getUpdates "HTTP/1.1 200 OK"
2025-10-13 20:34:56,594 - INFO - Daddodad (454010613,Davide) called /card
2025-10-13 20:34:56,685 - INFO - HTTP Request: POST https://api.telegram.org/bot8115605790:AAF2BAAGm48-Rt-d5U44Mw7rLD02yo2v1hY/sendMessage "HTTP/1.1 200 OK"
2025-10-13 20:35:01,390 - INFO - HTTP Request: POST https://api.telegram.org/bot8115605790:AAF2BAAGm48-Rt-d5U44Mw7rLD02yo2v1hY/sendPhoto "HTTP/1.1 200 OK"
2025-10-13 20:35:06,629 - INFO - HTTP Request: POST https://api.telegram.org/bot8115605790:AAF2BAAGm48-Rt-d5U44Mw7rLD02yo2v1hY/getUpdates "HTTP/1.1 200 OK"
2025-10-13 20:35:16,673 - INFO - HTTP Request: POST https://api.telegram.org/bot8115605790:AAF2BAAGm48-Rt-d5U44Mw7rLD02yo2v1hY/getUpdates "HTTP/1.1 200 OK"
2025-10-13 20:35:23,887 - INFO - HTTP Request: POST https://api.telegram.org/bot8115605790:AAF2BAAGm48-Rt-d5U44Mw7rLD02yo2v1hY/getMe "HTTP/1.1 200 OK"
2025-10-13 20:35:23,936 - INFO - HTTP Request: POST https://api.telegram.org/bot8115605790:AAF2BAAGm48-Rt-d5U44Mw7rLD02yo2v1hY/setMyCommands "HTTP/1.1 200 OK"
2025-10-13 20:35:23,975 - INFO - HTTP Request: POST https://api.telegram.org/bot8115605790:AAF2BAAGm48-Rt-d5U44Mw7rLD02yo2v1hY/deleteWebhook "HTTP/1.1 200 OK"
2025-10-13 20:35:24,084 - INFO - HTTP Request: POST https://api.telegram.org/bot8115605790:AAF2BAAGm48-Rt-d5U44Mw7rLD02yo2v1hY/getUpdates "HTTP/1.1 200 OK"
2025-10-13 20:35:24,086 - INFO - Daddodad (454010613,Davide) called /start
2025-10-13 20:35:24,187 - INFO - HTTP Request: POST https://api.telegram.org/bot8115605790:AAF2BAAGm48-Rt-d5U44Mw7rLD02yo2v1hY/sendMessage "HTTP/1.1 200 OK"
2025-10-13 20:35:25,999 - INFO - HTTP Request: POST https://api.telegram.org/bot8115605790:AAF2BAAGm48-Rt-d5U44Mw7rLD02yo2v1hY/getUpdates "HTTP/1.1 200 OK"
2025-10-13 20:35:26,000 - INFO - Daddodad (454010613,Davide) called /card
2025-10-13 20:35:26,217 - INFO - HTTP Request: POST https://api.telegram.org/bot8115605790:AAF2BAAGm48-Rt-d5U44Mw7rLD02yo2v1hY/sendMessage "HTTP/1.1 200 OK"
2025-10-13 20:35:26,238 - ERROR - No error handlers are registered, logging exception.
Traceback (most recent call last):
  File "D:\Desktop_fake\CNR\av-anomaly-detection\av-anomaly-detection\.venv\Lib\site-packages\telegram\ext\_application.py", line 1298, in process_update
    await coroutine
  File "D:\Desktop_fake\CNR\av-anomaly-detection\av-anomaly-detection\.venv\Lib\site-packages\telegram\ext\_handlers\basehandler.py", line 158, in handle_update
    return await self.callback(update, context)
           ^^^^^^^^^^^^^^^^^^^^^^^^^^^^^^^^^^^^
  File "D:\Desktop_fake\MawileBot\home\MawileBot\src\Commands.py", line 1584, in card_command
    img2 = Image.open(template_user)
           ^^^^^^^^^^^^^^^^^^^^^^^^^
  File "D:\Desktop_fake\CNR\av-anomaly-detection\av-anomaly-detection\.venv\Lib\site-packages\PIL\Image.py", line 3505, in open
    fp = builtins.open(filename, "rb")
         ^^^^^^^^^^^^^^^^^^^^^^^^^^^^^
FileNotFoundError: [Errno 2] No such file or directory: './home/MawileBot/src/images/templates/template_454010613.jpg'
2025-10-13 20:35:36,037 - INFO - HTTP Request: POST https://api.telegram.org/bot8115605790:AAF2BAAGm48-Rt-d5U44Mw7rLD02yo2v1hY/getUpdates "HTTP/1.1 200 OK"
2025-10-13 20:35:46,076 - INFO - HTTP Request: POST https://api.telegram.org/bot8115605790:AAF2BAAGm48-Rt-d5U44Mw7rLD02yo2v1hY/getUpdates "HTTP/1.1 200 OK"
2025-10-13 20:35:56,112 - INFO - HTTP Request: POST https://api.telegram.org/bot8115605790:AAF2BAAGm48-Rt-d5U44Mw7rLD02yo2v1hY/getUpdates "HTTP/1.1 200 OK"
2025-10-13 20:35:59,847 - INFO - HTTP Request: POST https://api.telegram.org/bot8115605790:AAF2BAAGm48-Rt-d5U44Mw7rLD02yo2v1hY/getUpdates "HTTP/1.1 200 OK"
2025-10-13 20:35:59,849 - INFO - Daddodad (454010613,Davide) called /card
2025-10-13 20:36:00,007 - INFO - HTTP Request: POST https://api.telegram.org/bot8115605790:AAF2BAAGm48-Rt-d5U44Mw7rLD02yo2v1hY/sendMessage "HTTP/1.1 200 OK"
2025-10-13 20:36:00,007 - ERROR - No error handlers are registered, logging exception.
Traceback (most recent call last):
  File "D:\Desktop_fake\CNR\av-anomaly-detection\av-anomaly-detection\.venv\Lib\site-packages\telegram\ext\_application.py", line 1298, in process_update
    await coroutine
  File "D:\Desktop_fake\CNR\av-anomaly-detection\av-anomaly-detection\.venv\Lib\site-packages\telegram\ext\_handlers\basehandler.py", line 158, in handle_update
    return await self.callback(update, context)
           ^^^^^^^^^^^^^^^^^^^^^^^^^^^^^^^^^^^^
  File "D:\Desktop_fake\MawileBot\home\MawileBot\src\Commands.py", line 1584, in card_command
    img2 = Image.open(template_user)
           ^^^^^^^^^^^^^^^^^^^^^^^^^
  File "D:\Desktop_fake\CNR\av-anomaly-detection\av-anomaly-detection\.venv\Lib\site-packages\PIL\Image.py", line 3505, in open
    fp = builtins.open(filename, "rb")
         ^^^^^^^^^^^^^^^^^^^^^^^^^^^^^
FileNotFoundError: [Errno 2] No such file or directory: './home/MawileBot/src/images/templates/template_454010613.jpg'
2025-10-13 20:36:09,875 - INFO - HTTP Request: POST https://api.telegram.org/bot8115605790:AAF2BAAGm48-Rt-d5U44Mw7rLD02yo2v1hY/getUpdates "HTTP/1.1 200 OK"
2025-10-13 20:36:19,923 - INFO - HTTP Request: POST https://api.telegram.org/bot8115605790:AAF2BAAGm48-Rt-d5U44Mw7rLD02yo2v1hY/getUpdates "HTTP/1.1 200 OK"
2025-10-13 20:36:29,955 - INFO - HTTP Request: POST https://api.telegram.org/bot8115605790:AAF2BAAGm48-Rt-d5U44Mw7rLD02yo2v1hY/getUpdates "HTTP/1.1 200 OK"
2025-10-13 20:36:40,000 - INFO - HTTP Request: POST https://api.telegram.org/bot8115605790:AAF2BAAGm48-Rt-d5U44Mw7rLD02yo2v1hY/getUpdates "HTTP/1.1 200 OK"
2025-10-13 20:36:41,787 - INFO - HTTP Request: POST https://api.telegram.org/bot8115605790:AAF2BAAGm48-Rt-d5U44Mw7rLD02yo2v1hY/getUpdates "HTTP/1.1 200 OK"
2025-10-13 20:36:41,787 - INFO - Daddodad (454010613,Davide) called /start
2025-10-13 20:36:42,120 - INFO - HTTP Request: POST https://api.telegram.org/bot8115605790:AAF2BAAGm48-Rt-d5U44Mw7rLD02yo2v1hY/sendMessage "HTTP/1.1 200 OK"
2025-10-13 20:36:43,329 - INFO - HTTP Request: POST https://api.telegram.org/bot8115605790:AAF2BAAGm48-Rt-d5U44Mw7rLD02yo2v1hY/getUpdates "HTTP/1.1 200 OK"
2025-10-13 20:36:43,329 - INFO - Daddodad (454010613,Davide) called /card
2025-10-13 20:36:43,535 - INFO - HTTP Request: POST https://api.telegram.org/bot8115605790:AAF2BAAGm48-Rt-d5U44Mw7rLD02yo2v1hY/sendMessage "HTTP/1.1 200 OK"
2025-10-13 20:36:43,536 - ERROR - No error handlers are registered, logging exception.
Traceback (most recent call last):
  File "D:\Desktop_fake\CNR\av-anomaly-detection\av-anomaly-detection\.venv\Lib\site-packages\telegram\ext\_application.py", line 1298, in process_update
    await coroutine
  File "D:\Desktop_fake\CNR\av-anomaly-detection\av-anomaly-detection\.venv\Lib\site-packages\telegram\ext\_handlers\basehandler.py", line 158, in handle_update
    return await self.callback(update, context)
           ^^^^^^^^^^^^^^^^^^^^^^^^^^^^^^^^^^^^
  File "D:\Desktop_fake\MawileBot\home\MawileBot\src\Commands.py", line 1584, in card_command
    img2 = Image.open(template_user)
           ^^^^^^^^^^^^^^^^^^^^^^^^^
  File "D:\Desktop_fake\CNR\av-anomaly-detection\av-anomaly-detection\.venv\Lib\site-packages\PIL\Image.py", line 3505, in open
    fp = builtins.open(filename, "rb")
         ^^^^^^^^^^^^^^^^^^^^^^^^^^^^^
FileNotFoundError: [Errno 2] No such file or directory: './home/MawileBot/src/images/templates/template_454010613.jpg'
2025-10-13 20:36:53,372 - INFO - HTTP Request: POST https://api.telegram.org/bot8115605790:AAF2BAAGm48-Rt-d5U44Mw7rLD02yo2v1hY/getUpdates "HTTP/1.1 200 OK"
2025-10-13 20:37:03,409 - INFO - HTTP Request: POST https://api.telegram.org/bot8115605790:AAF2BAAGm48-Rt-d5U44Mw7rLD02yo2v1hY/getUpdates "HTTP/1.1 200 OK"
2025-10-13 20:37:13,427 - INFO - HTTP Request: POST https://api.telegram.org/bot8115605790:AAF2BAAGm48-Rt-d5U44Mw7rLD02yo2v1hY/getUpdates "HTTP/1.1 200 OK"
2025-10-13 20:37:18,166 - INFO - HTTP Request: POST https://api.telegram.org/bot8115605790:AAF2BAAGm48-Rt-d5U44Mw7rLD02yo2v1hY/getUpdates "HTTP/1.1 200 OK"
2025-10-13 20:37:24,943 - INFO - HTTP Request: POST https://api.telegram.org/bot8115605790:AAF2BAAGm48-Rt-d5U44Mw7rLD02yo2v1hY/getMe "HTTP/1.1 200 OK"
2025-10-13 20:37:24,992 - INFO - HTTP Request: POST https://api.telegram.org/bot8115605790:AAF2BAAGm48-Rt-d5U44Mw7rLD02yo2v1hY/setMyCommands "HTTP/1.1 200 OK"
2025-10-13 20:37:25,024 - INFO - HTTP Request: POST https://api.telegram.org/bot8115605790:AAF2BAAGm48-Rt-d5U44Mw7rLD02yo2v1hY/deleteWebhook "HTTP/1.1 200 OK"
2025-10-13 20:37:28,743 - INFO - HTTP Request: POST https://api.telegram.org/bot8115605790:AAF2BAAGm48-Rt-d5U44Mw7rLD02yo2v1hY/getUpdates "HTTP/1.1 200 OK"
2025-10-13 20:37:28,743 - INFO - Daddodad (454010613,Davide) called /start
2025-10-13 20:37:28,950 - INFO - HTTP Request: POST https://api.telegram.org/bot8115605790:AAF2BAAGm48-Rt-d5U44Mw7rLD02yo2v1hY/sendMessage "HTTP/1.1 200 OK"
2025-10-13 20:37:30,662 - INFO - HTTP Request: POST https://api.telegram.org/bot8115605790:AAF2BAAGm48-Rt-d5U44Mw7rLD02yo2v1hY/getUpdates "HTTP/1.1 200 OK"
2025-10-13 20:37:30,662 - INFO - Daddodad (454010613,Davide) called /card
2025-10-13 20:37:30,727 - INFO - HTTP Request: POST https://api.telegram.org/bot8115605790:AAF2BAAGm48-Rt-d5U44Mw7rLD02yo2v1hY/sendMessage "HTTP/1.1 200 OK"
2025-10-13 20:37:30,746 - ERROR - No error handlers are registered, logging exception.
Traceback (most recent call last):
  File "D:\Desktop_fake\MawileBot\home\MawileBot\src\Commands.py", line 1584, in card_command
    img2 = Image.open(template_user)
           ^^^^^^^^^^^^^^^^^^^^^^^^^
  File "D:\Desktop_fake\CNR\av-anomaly-detection\av-anomaly-detection\.venv\Lib\site-packages\PIL\Image.py", line 3505, in open
    fp = builtins.open(filename, "rb")
         ^^^^^^^^^^^^^^^^^^^^^^^^^^^^^
FileNotFoundError: [Errno 2] No such file or directory: './home/MawileBot/src/images/templates/template_454010613.jpg'

During handling of the above exception, another exception occurred:

Traceback (most recent call last):
  File "D:\Desktop_fake\CNR\av-anomaly-detection\av-anomaly-detection\.venv\Lib\site-packages\telegram\ext\_application.py", line 1298, in process_update
    await coroutine
  File "D:\Desktop_fake\CNR\av-anomaly-detection\av-anomaly-detection\.venv\Lib\site-packages\telegram\ext\_handlers\basehandler.py", line 158, in handle_update
    return await self.callback(update, context)
           ^^^^^^^^^^^^^^^^^^^^^^^^^^^^^^^^^^^^
  File "D:\Desktop_fake\MawileBot\home\MawileBot\src\Commands.py", line 1610, in card_command
    image = Image.open(template_path)
            ^^^^^^^^^^^^^^^^^^^^^^^^^
  File "D:\Desktop_fake\CNR\av-anomaly-detection\av-anomaly-detection\.venv\Lib\site-packages\PIL\Image.py", line 3505, in open
    fp = builtins.open(filename, "rb")
         ^^^^^^^^^^^^^^^^^^^^^^^^^^^^^
FileNotFoundError: [Errno 2] No such file or directory: './home/MawileBot/src/images/templates/template_454010613.jpg'
2025-10-13 20:37:40,711 - INFO - HTTP Request: POST https://api.telegram.org/bot8115605790:AAF2BAAGm48-Rt-d5U44Mw7rLD02yo2v1hY/getUpdates "HTTP/1.1 200 OK"
2025-10-13 20:37:50,752 - INFO - HTTP Request: POST https://api.telegram.org/bot8115605790:AAF2BAAGm48-Rt-d5U44Mw7rLD02yo2v1hY/getUpdates "HTTP/1.1 200 OK"
2025-10-13 20:38:00,800 - INFO - HTTP Request: POST https://api.telegram.org/bot8115605790:AAF2BAAGm48-Rt-d5U44Mw7rLD02yo2v1hY/getUpdates "HTTP/1.1 200 OK"
2025-10-13 20:38:10,846 - INFO - HTTP Request: POST https://api.telegram.org/bot8115605790:AAF2BAAGm48-Rt-d5U44Mw7rLD02yo2v1hY/getUpdates "HTTP/1.1 200 OK"
2025-10-13 20:38:20,889 - INFO - HTTP Request: POST https://api.telegram.org/bot8115605790:AAF2BAAGm48-Rt-d5U44Mw7rLD02yo2v1hY/getUpdates "HTTP/1.1 200 OK"
2025-10-13 20:38:30,855 - INFO - HTTP Request: POST https://api.telegram.org/bot8115605790:AAF2BAAGm48-Rt-d5U44Mw7rLD02yo2v1hY/getMe "HTTP/1.1 200 OK"
2025-10-13 20:38:30,905 - INFO - HTTP Request: POST https://api.telegram.org/bot8115605790:AAF2BAAGm48-Rt-d5U44Mw7rLD02yo2v1hY/setMyCommands "HTTP/1.1 200 OK"
2025-10-13 20:38:30,940 - INFO - HTTP Request: POST https://api.telegram.org/bot8115605790:AAF2BAAGm48-Rt-d5U44Mw7rLD02yo2v1hY/deleteWebhook "HTTP/1.1 200 OK"
2025-10-13 20:38:31,040 - INFO - HTTP Request: POST https://api.telegram.org/bot8115605790:AAF2BAAGm48-Rt-d5U44Mw7rLD02yo2v1hY/getUpdates "HTTP/1.1 200 OK"
2025-10-13 20:38:31,054 - INFO - Daddodad (454010613,Davide) called /start
2025-10-13 20:38:31,164 - INFO - HTTP Request: POST https://api.telegram.org/bot8115605790:AAF2BAAGm48-Rt-d5U44Mw7rLD02yo2v1hY/sendMessage "HTTP/1.1 200 OK"
2025-10-13 20:38:31,164 - INFO - Daddodad (454010613,Davide) called /card
2025-10-13 20:38:31,237 - INFO - HTTP Request: POST https://api.telegram.org/bot8115605790:AAF2BAAGm48-Rt-d5U44Mw7rLD02yo2v1hY/sendMessage "HTTP/1.1 200 OK"
2025-10-13 20:38:31,256 - ERROR - No error handlers are registered, logging exception.
Traceback (most recent call last):
  File "D:\Desktop_fake\MawileBot\home\MawileBot\src\Commands.py", line 1584, in card_command
    img2 = Image.open(template_user)
           ^^^^^^^^^^^^^^^^^^^^^^^^^
  File "D:\Desktop_fake\CNR\av-anomaly-detection\av-anomaly-detection\.venv\Lib\site-packages\PIL\Image.py", line 3505, in open
    fp = builtins.open(filename, "rb")
         ^^^^^^^^^^^^^^^^^^^^^^^^^^^^^
FileNotFoundError: [Errno 2] No such file or directory: './home/MawileBot/src/images/templates/template_454010613.jpg'

During handling of the above exception, another exception occurred:

Traceback (most recent call last):
  File "D:\Desktop_fake\CNR\av-anomaly-detection\av-anomaly-detection\.venv\Lib\site-packages\telegram\ext\_application.py", line 1298, in process_update
    await coroutine
  File "D:\Desktop_fake\CNR\av-anomaly-detection\av-anomaly-detection\.venv\Lib\site-packages\telegram\ext\_handlers\basehandler.py", line 158, in handle_update
    return await self.callback(update, context)
           ^^^^^^^^^^^^^^^^^^^^^^^^^^^^^^^^^^^^
  File "D:\Desktop_fake\MawileBot\home\MawileBot\src\Commands.py", line 1610, in card_command
    image = Image.open(template_path)
            ^^^^^^^^^^^^^^^^^^^^^^^^^
  File "D:\Desktop_fake\CNR\av-anomaly-detection\av-anomaly-detection\.venv\Lib\site-packages\PIL\Image.py", line 3505, in open
    fp = builtins.open(filename, "rb")
         ^^^^^^^^^^^^^^^^^^^^^^^^^^^^^
FileNotFoundError: [Errno 2] No such file or directory: './home/MawileBot/src/images/templates/template_454010613.jpg'
2025-10-13 20:38:41,095 - INFO - HTTP Request: POST https://api.telegram.org/bot8115605790:AAF2BAAGm48-Rt-d5U44Mw7rLD02yo2v1hY/getUpdates "HTTP/1.1 200 OK"
2025-10-13 20:38:51,137 - INFO - HTTP Request: POST https://api.telegram.org/bot8115605790:AAF2BAAGm48-Rt-d5U44Mw7rLD02yo2v1hY/getUpdates "HTTP/1.1 200 OK"
2025-10-13 20:39:01,203 - INFO - HTTP Request: POST https://api.telegram.org/bot8115605790:AAF2BAAGm48-Rt-d5U44Mw7rLD02yo2v1hY/getUpdates "HTTP/1.1 200 OK"
2025-10-13 20:39:07,874 - INFO - HTTP Request: POST https://api.telegram.org/bot8115605790:AAF2BAAGm48-Rt-d5U44Mw7rLD02yo2v1hY/getUpdates "HTTP/1.1 200 OK"
2025-10-13 20:39:16,140 - INFO - HTTP Request: POST https://api.telegram.org/bot8115605790:AAF2BAAGm48-Rt-d5U44Mw7rLD02yo2v1hY/getMe "HTTP/1.1 200 OK"
2025-10-13 20:39:16,187 - INFO - HTTP Request: POST https://api.telegram.org/bot8115605790:AAF2BAAGm48-Rt-d5U44Mw7rLD02yo2v1hY/setMyCommands "HTTP/1.1 200 OK"
2025-10-13 20:39:16,227 - INFO - HTTP Request: POST https://api.telegram.org/bot8115605790:AAF2BAAGm48-Rt-d5U44Mw7rLD02yo2v1hY/deleteWebhook "HTTP/1.1 200 OK"
2025-10-13 20:39:16,337 - INFO - HTTP Request: POST https://api.telegram.org/bot8115605790:AAF2BAAGm48-Rt-d5U44Mw7rLD02yo2v1hY/getUpdates "HTTP/1.1 200 OK"
2025-10-13 20:39:16,352 - INFO - Daddodad (454010613,Davide) called /start
2025-10-13 20:39:16,416 - INFO - HTTP Request: POST https://api.telegram.org/bot8115605790:AAF2BAAGm48-Rt-d5U44Mw7rLD02yo2v1hY/sendMessage "HTTP/1.1 200 OK"
2025-10-13 20:39:16,470 - INFO - HTTP Request: POST https://api.telegram.org/bot8115605790:AAF2BAAGm48-Rt-d5U44Mw7rLD02yo2v1hY/getUpdates "HTTP/1.1 200 OK"
2025-10-13 20:39:16,476 - INFO - Daddodad (454010613,Davide) called /start
2025-10-13 20:39:16,567 - INFO - HTTP Request: POST https://api.telegram.org/bot8115605790:AAF2BAAGm48-Rt-d5U44Mw7rLD02yo2v1hY/sendMessage "HTTP/1.1 200 OK"
2025-10-13 20:39:23,086 - INFO - HTTP Request: POST https://api.telegram.org/bot8115605790:AAF2BAAGm48-Rt-d5U44Mw7rLD02yo2v1hY/getUpdates "HTTP/1.1 200 OK"
2025-10-13 20:39:23,086 - INFO - Daddodad (454010613,Davide) called /start
2025-10-13 20:39:23,291 - INFO - HTTP Request: POST https://api.telegram.org/bot8115605790:AAF2BAAGm48-Rt-d5U44Mw7rLD02yo2v1hY/sendMessage "HTTP/1.1 200 OK"
2025-10-13 20:39:25,060 - INFO - HTTP Request: POST https://api.telegram.org/bot8115605790:AAF2BAAGm48-Rt-d5U44Mw7rLD02yo2v1hY/getUpdates "HTTP/1.1 200 OK"
2025-10-13 20:39:25,068 - INFO - Daddodad (454010613,Davide) called /card
2025-10-13 20:39:25,137 - INFO - HTTP Request: POST https://api.telegram.org/bot8115605790:AAF2BAAGm48-Rt-d5U44Mw7rLD02yo2v1hY/sendMessage "HTTP/1.1 200 OK"
2025-10-13 20:39:25,161 - ERROR - No error handlers are registered, logging exception.
Traceback (most recent call last):
  File "D:\Desktop_fake\MawileBot\home\MawileBot\src\Commands.py", line 1585, in card_command
    img2 = Image.open(template_user)
           ^^^^^^^^^^^^^^^^^^^^^^^^^
  File "D:\Desktop_fake\CNR\av-anomaly-detection\av-anomaly-detection\.venv\Lib\site-packages\PIL\Image.py", line 3505, in open
    fp = builtins.open(filename, "rb")
         ^^^^^^^^^^^^^^^^^^^^^^^^^^^^^
FileNotFoundError: [Errno 2] No such file or directory: './home/MawileBot/src/images/templates/template_454010613.jpg'

During handling of the above exception, another exception occurred:

Traceback (most recent call last):
  File "D:\Desktop_fake\CNR\av-anomaly-detection\av-anomaly-detection\.venv\Lib\site-packages\telegram\ext\_application.py", line 1298, in process_update
    await coroutine
  File "D:\Desktop_fake\CNR\av-anomaly-detection\av-anomaly-detection\.venv\Lib\site-packages\telegram\ext\_handlers\basehandler.py", line 158, in handle_update
    return await self.callback(update, context)
           ^^^^^^^^^^^^^^^^^^^^^^^^^^^^^^^^^^^^
  File "D:\Desktop_fake\MawileBot\home\MawileBot\src\Commands.py", line 1611, in card_command
    image = Image.open(template_path)
            ^^^^^^^^^^^^^^^^^^^^^^^^^
  File "D:\Desktop_fake\CNR\av-anomaly-detection\av-anomaly-detection\.venv\Lib\site-packages\PIL\Image.py", line 3505, in open
    fp = builtins.open(filename, "rb")
         ^^^^^^^^^^^^^^^^^^^^^^^^^^^^^
FileNotFoundError: [Errno 2] No such file or directory: './home/MawileBot/src/images/templates/template_454010613.jpg'
2025-10-13 20:39:35,115 - INFO - HTTP Request: POST https://api.telegram.org/bot8115605790:AAF2BAAGm48-Rt-d5U44Mw7rLD02yo2v1hY/getUpdates "HTTP/1.1 200 OK"
2025-10-13 20:39:45,169 - INFO - HTTP Request: POST https://api.telegram.org/bot8115605790:AAF2BAAGm48-Rt-d5U44Mw7rLD02yo2v1hY/getUpdates "HTTP/1.1 200 OK"
2025-10-13 20:39:55,200 - INFO - HTTP Request: POST https://api.telegram.org/bot8115605790:AAF2BAAGm48-Rt-d5U44Mw7rLD02yo2v1hY/getUpdates "HTTP/1.1 200 OK"
2025-10-13 20:40:04,172 - INFO - HTTP Request: POST https://api.telegram.org/bot8115605790:AAF2BAAGm48-Rt-d5U44Mw7rLD02yo2v1hY/getMe "HTTP/1.1 200 OK"
2025-10-13 20:40:04,217 - INFO - HTTP Request: POST https://api.telegram.org/bot8115605790:AAF2BAAGm48-Rt-d5U44Mw7rLD02yo2v1hY/setMyCommands "HTTP/1.1 200 OK"
2025-10-13 20:40:04,247 - INFO - HTTP Request: POST https://api.telegram.org/bot8115605790:AAF2BAAGm48-Rt-d5U44Mw7rLD02yo2v1hY/deleteWebhook "HTTP/1.1 200 OK"
2025-10-13 20:40:04,366 - INFO - HTTP Request: POST https://api.telegram.org/bot8115605790:AAF2BAAGm48-Rt-d5U44Mw7rLD02yo2v1hY/getUpdates "HTTP/1.1 200 OK"
2025-10-13 20:40:04,366 - INFO - Daddodad (454010613,Davide) called /start
2025-10-13 20:40:04,439 - INFO - HTTP Request: POST https://api.telegram.org/bot8115605790:AAF2BAAGm48-Rt-d5U44Mw7rLD02yo2v1hY/sendMessage "HTTP/1.1 200 OK"
2025-10-13 20:40:14,401 - INFO - HTTP Request: POST https://api.telegram.org/bot8115605790:AAF2BAAGm48-Rt-d5U44Mw7rLD02yo2v1hY/getUpdates "HTTP/1.1 200 OK"
2025-10-13 20:40:22,252 - INFO - HTTP Request: POST https://api.telegram.org/bot8115605790:AAF2BAAGm48-Rt-d5U44Mw7rLD02yo2v1hY/getUpdates "HTTP/1.1 200 OK"
2025-10-13 20:40:22,253 - INFO - Daddodad (454010613,Davide) called /card
2025-10-13 20:40:22,389 - INFO - HTTP Request: POST https://api.telegram.org/bot8115605790:AAF2BAAGm48-Rt-d5U44Mw7rLD02yo2v1hY/sendMessage "HTTP/1.1 200 OK"
2025-10-13 20:40:22,404 - ERROR - No error handlers are registered, logging exception.
Traceback (most recent call last):
  File "D:\Desktop_fake\MawileBot\home\MawileBot\src\Commands.py", line 1585, in card_command
    img2 = Image.open(template_user)
           ^^^^^^^^^^^^^^^^^^^^^^^^^
  File "D:\Desktop_fake\CNR\av-anomaly-detection\av-anomaly-detection\.venv\Lib\site-packages\PIL\Image.py", line 3505, in open
    fp = builtins.open(filename, "rb")
         ^^^^^^^^^^^^^^^^^^^^^^^^^^^^^
FileNotFoundError: [Errno 2] No such file or directory: './home/MawileBot/src/images/templates/template_454010613.jpg'

During handling of the above exception, another exception occurred:

Traceback (most recent call last):
  File "D:\Desktop_fake\CNR\av-anomaly-detection\av-anomaly-detection\.venv\Lib\site-packages\telegram\ext\_application.py", line 1298, in process_update
    await coroutine
  File "D:\Desktop_fake\CNR\av-anomaly-detection\av-anomaly-detection\.venv\Lib\site-packages\telegram\ext\_handlers\basehandler.py", line 158, in handle_update
    return await self.callback(update, context)
           ^^^^^^^^^^^^^^^^^^^^^^^^^^^^^^^^^^^^
  File "D:\Desktop_fake\MawileBot\home\MawileBot\src\Commands.py", line 1612, in card_command
    image = Image.open(template_path)
            ^^^^^^^^^^^^^^^^^^^^^^^^^
  File "D:\Desktop_fake\CNR\av-anomaly-detection\av-anomaly-detection\.venv\Lib\site-packages\PIL\Image.py", line 3505, in open
    fp = builtins.open(filename, "rb")
         ^^^^^^^^^^^^^^^^^^^^^^^^^^^^^
FileNotFoundError: [Errno 2] No such file or directory: './home/MawileBot/src/images/templates/template_454010613.jpg'
2025-10-13 20:40:32,295 - INFO - HTTP Request: POST https://api.telegram.org/bot8115605790:AAF2BAAGm48-Rt-d5U44Mw7rLD02yo2v1hY/getUpdates "HTTP/1.1 200 OK"
2025-10-13 20:40:42,342 - INFO - HTTP Request: POST https://api.telegram.org/bot8115605790:AAF2BAAGm48-Rt-d5U44Mw7rLD02yo2v1hY/getUpdates "HTTP/1.1 200 OK"
2025-10-13 20:40:52,381 - INFO - HTTP Request: POST https://api.telegram.org/bot8115605790:AAF2BAAGm48-Rt-d5U44Mw7rLD02yo2v1hY/getUpdates "HTTP/1.1 200 OK"
2025-10-13 20:41:00,696 - INFO - HTTP Request: POST https://api.telegram.org/bot8115605790:AAF2BAAGm48-Rt-d5U44Mw7rLD02yo2v1hY/getMe "HTTP/1.1 200 OK"
2025-10-13 20:41:00,801 - INFO - HTTP Request: POST https://api.telegram.org/bot8115605790:AAF2BAAGm48-Rt-d5U44Mw7rLD02yo2v1hY/setMyCommands "HTTP/1.1 200 OK"
2025-10-13 20:41:00,833 - INFO - HTTP Request: POST https://api.telegram.org/bot8115605790:AAF2BAAGm48-Rt-d5U44Mw7rLD02yo2v1hY/deleteWebhook "HTTP/1.1 200 OK"
2025-10-13 20:41:00,947 - INFO - HTTP Request: POST https://api.telegram.org/bot8115605790:AAF2BAAGm48-Rt-d5U44Mw7rLD02yo2v1hY/getUpdates "HTTP/1.1 200 OK"
2025-10-13 20:41:00,947 - INFO - Daddodad (454010613,Davide) called /start
2025-10-13 20:41:01,105 - INFO - HTTP Request: POST https://api.telegram.org/bot8115605790:AAF2BAAGm48-Rt-d5U44Mw7rLD02yo2v1hY/sendMessage "HTTP/1.1 200 OK"
2025-10-13 20:41:05,298 - INFO - HTTP Request: POST https://api.telegram.org/bot8115605790:AAF2BAAGm48-Rt-d5U44Mw7rLD02yo2v1hY/getUpdates "HTTP/1.1 200 OK"
2025-10-13 20:41:05,310 - INFO - Daddodad (454010613,Davide) called /card
2025-10-13 20:41:05,474 - INFO - HTTP Request: POST https://api.telegram.org/bot8115605790:AAF2BAAGm48-Rt-d5U44Mw7rLD02yo2v1hY/sendMessage "HTTP/1.1 200 OK"
2025-10-13 20:41:10,630 - INFO - HTTP Request: POST https://api.telegram.org/bot8115605790:AAF2BAAGm48-Rt-d5U44Mw7rLD02yo2v1hY/sendPhoto "HTTP/1.1 200 OK"
2025-10-13 20:41:15,348 - INFO - HTTP Request: POST https://api.telegram.org/bot8115605790:AAF2BAAGm48-Rt-d5U44Mw7rLD02yo2v1hY/getUpdates "HTTP/1.1 200 OK"
2025-10-13 20:41:25,390 - INFO - HTTP Request: POST https://api.telegram.org/bot8115605790:AAF2BAAGm48-Rt-d5U44Mw7rLD02yo2v1hY/getUpdates "HTTP/1.1 200 OK"
2025-10-13 20:41:35,428 - INFO - HTTP Request: POST https://api.telegram.org/bot8115605790:AAF2BAAGm48-Rt-d5U44Mw7rLD02yo2v1hY/getUpdates "HTTP/1.1 200 OK"
2025-10-13 20:41:45,465 - INFO - HTTP Request: POST https://api.telegram.org/bot8115605790:AAF2BAAGm48-Rt-d5U44Mw7rLD02yo2v1hY/getUpdates "HTTP/1.1 200 OK"
2025-10-13 20:41:55,510 - INFO - HTTP Request: POST https://api.telegram.org/bot8115605790:AAF2BAAGm48-Rt-d5U44Mw7rLD02yo2v1hY/getUpdates "HTTP/1.1 200 OK"
2025-10-13 20:42:05,542 - INFO - HTTP Request: POST https://api.telegram.org/bot8115605790:AAF2BAAGm48-Rt-d5U44Mw7rLD02yo2v1hY/getUpdates "HTTP/1.1 200 OK"
2025-10-13 20:42:12,862 - INFO - HTTP Request: POST https://api.telegram.org/bot8115605790:AAF2BAAGm48-Rt-d5U44Mw7rLD02yo2v1hY/getUpdates "HTTP/1.1 200 OK"
2025-10-13 20:42:27,945 - INFO - HTTP Request: POST https://api.telegram.org/bot8115605790:AAF2BAAGm48-Rt-d5U44Mw7rLD02yo2v1hY/getMe "HTTP/1.1 200 OK"
2025-10-13 20:42:28,141 - INFO - HTTP Request: POST https://api.telegram.org/bot8115605790:AAF2BAAGm48-Rt-d5U44Mw7rLD02yo2v1hY/setMyCommands "HTTP/1.1 200 OK"
2025-10-13 20:42:28,181 - INFO - HTTP Request: POST https://api.telegram.org/bot8115605790:AAF2BAAGm48-Rt-d5U44Mw7rLD02yo2v1hY/deleteWebhook "HTTP/1.1 200 OK"
2025-10-13 20:42:31,440 - INFO - HTTP Request: POST https://api.telegram.org/bot8115605790:AAF2BAAGm48-Rt-d5U44Mw7rLD02yo2v1hY/getUpdates "HTTP/1.1 200 OK"
2025-10-13 20:42:31,442 - INFO - Daddodad (454010613,Davide) called /card
2025-10-13 20:42:31,509 - INFO - HTTP Request: POST https://api.telegram.org/bot8115605790:AAF2BAAGm48-Rt-d5U44Mw7rLD02yo2v1hY/sendMessage "HTTP/1.1 200 OK"
2025-10-13 20:42:34,508 - INFO - HTTP Request: POST https://api.telegram.org/bot8115605790:AAF2BAAGm48-Rt-d5U44Mw7rLD02yo2v1hY/sendPhoto "HTTP/1.1 200 OK"
2025-10-13 20:42:41,484 - INFO - HTTP Request: POST https://api.telegram.org/bot8115605790:AAF2BAAGm48-Rt-d5U44Mw7rLD02yo2v1hY/getUpdates "HTTP/1.1 200 OK"
2025-10-13 20:42:44,939 - INFO - HTTP Request: POST https://api.telegram.org/bot8115605790:AAF2BAAGm48-Rt-d5U44Mw7rLD02yo2v1hY/getUpdates "HTTP/1.1 200 OK"
2025-10-13 20:42:51,969 - INFO - HTTP Request: POST https://api.telegram.org/bot8115605790:AAF2BAAGm48-Rt-d5U44Mw7rLD02yo2v1hY/getMe "HTTP/1.1 200 OK"
2025-10-13 20:42:52,022 - INFO - HTTP Request: POST https://api.telegram.org/bot8115605790:AAF2BAAGm48-Rt-d5U44Mw7rLD02yo2v1hY/setMyCommands "HTTP/1.1 200 OK"
2025-10-13 20:42:52,054 - INFO - HTTP Request: POST https://api.telegram.org/bot8115605790:AAF2BAAGm48-Rt-d5U44Mw7rLD02yo2v1hY/deleteWebhook "HTTP/1.1 200 OK"
2025-10-13 20:42:52,174 - INFO - HTTP Request: POST https://api.telegram.org/bot8115605790:AAF2BAAGm48-Rt-d5U44Mw7rLD02yo2v1hY/getUpdates "HTTP/1.1 200 OK"
2025-10-13 20:42:52,176 - INFO - Daddodad (454010613,Davide) called /card
2025-10-13 20:42:52,249 - INFO - HTTP Request: POST https://api.telegram.org/bot8115605790:AAF2BAAGm48-Rt-d5U44Mw7rLD02yo2v1hY/sendMessage "HTTP/1.1 200 OK"
2025-10-13 20:42:55,765 - INFO - HTTP Request: POST https://api.telegram.org/bot8115605790:AAF2BAAGm48-Rt-d5U44Mw7rLD02yo2v1hY/sendPhoto "HTTP/1.1 200 OK"
2025-10-13 20:43:02,222 - INFO - HTTP Request: POST https://api.telegram.org/bot8115605790:AAF2BAAGm48-Rt-d5U44Mw7rLD02yo2v1hY/getUpdates "HTTP/1.1 200 OK"
2025-10-13 20:43:12,248 - INFO - HTTP Request: POST https://api.telegram.org/bot8115605790:AAF2BAAGm48-Rt-d5U44Mw7rLD02yo2v1hY/getUpdates "HTTP/1.1 200 OK"
2025-10-13 20:43:22,296 - INFO - HTTP Request: POST https://api.telegram.org/bot8115605790:AAF2BAAGm48-Rt-d5U44Mw7rLD02yo2v1hY/getUpdates "HTTP/1.1 200 OK"
2025-10-13 20:43:32,380 - INFO - HTTP Request: POST https://api.telegram.org/bot8115605790:AAF2BAAGm48-Rt-d5U44Mw7rLD02yo2v1hY/getUpdates "HTTP/1.1 200 OK"
2025-10-13 20:43:42,406 - INFO - HTTP Request: POST https://api.telegram.org/bot8115605790:AAF2BAAGm48-Rt-d5U44Mw7rLD02yo2v1hY/getUpdates "HTTP/1.1 200 OK"
2025-10-13 20:43:52,465 - INFO - HTTP Request: POST https://api.telegram.org/bot8115605790:AAF2BAAGm48-Rt-d5U44Mw7rLD02yo2v1hY/getUpdates "HTTP/1.1 200 OK"
2025-10-13 20:44:02,502 - INFO - HTTP Request: POST https://api.telegram.org/bot8115605790:AAF2BAAGm48-Rt-d5U44Mw7rLD02yo2v1hY/getUpdates "HTTP/1.1 200 OK"
2025-10-13 20:44:12,539 - INFO - HTTP Request: POST https://api.telegram.org/bot8115605790:AAF2BAAGm48-Rt-d5U44Mw7rLD02yo2v1hY/getUpdates "HTTP/1.1 200 OK"
2025-10-13 20:44:20,585 - INFO - HTTP Request: POST https://api.telegram.org/bot8115605790:AAF2BAAGm48-Rt-d5U44Mw7rLD02yo2v1hY/getUpdates "HTTP/1.1 200 OK"
2025-10-13 20:44:27,553 - INFO - HTTP Request: POST https://api.telegram.org/bot8115605790:AAF2BAAGm48-Rt-d5U44Mw7rLD02yo2v1hY/getMe "HTTP/1.1 200 OK"
2025-10-13 20:44:27,617 - INFO - HTTP Request: POST https://api.telegram.org/bot8115605790:AAF2BAAGm48-Rt-d5U44Mw7rLD02yo2v1hY/setMyCommands "HTTP/1.1 200 OK"
2025-10-13 20:44:27,665 - INFO - HTTP Request: POST https://api.telegram.org/bot8115605790:AAF2BAAGm48-Rt-d5U44Mw7rLD02yo2v1hY/deleteWebhook "HTTP/1.1 200 OK"
2025-10-13 20:44:29,351 - INFO - HTTP Request: POST https://api.telegram.org/bot8115605790:AAF2BAAGm48-Rt-d5U44Mw7rLD02yo2v1hY/getUpdates "HTTP/1.1 200 OK"
2025-10-13 20:44:29,352 - INFO - Daddodad (454010613,Davide) called /card
2025-10-13 20:44:29,438 - INFO - HTTP Request: POST https://api.telegram.org/bot8115605790:AAF2BAAGm48-Rt-d5U44Mw7rLD02yo2v1hY/sendMessage "HTTP/1.1 200 OK"
2025-10-13 20:44:33,393 - INFO - HTTP Request: POST https://api.telegram.org/bot8115605790:AAF2BAAGm48-Rt-d5U44Mw7rLD02yo2v1hY/sendPhoto "HTTP/1.1 200 OK"
2025-10-13 20:44:39,396 - INFO - HTTP Request: POST https://api.telegram.org/bot8115605790:AAF2BAAGm48-Rt-d5U44Mw7rLD02yo2v1hY/getUpdates "HTTP/1.1 200 OK"
2025-10-13 20:44:49,436 - INFO - HTTP Request: POST https://api.telegram.org/bot8115605790:AAF2BAAGm48-Rt-d5U44Mw7rLD02yo2v1hY/getUpdates "HTTP/1.1 200 OK"
2025-10-13 20:44:54,593 - INFO - HTTP Request: POST https://api.telegram.org/bot8115605790:AAF2BAAGm48-Rt-d5U44Mw7rLD02yo2v1hY/getUpdates "HTTP/1.1 200 OK"
2025-10-13 20:45:02,115 - INFO - HTTP Request: POST https://api.telegram.org/bot8115605790:AAF2BAAGm48-Rt-d5U44Mw7rLD02yo2v1hY/getMe "HTTP/1.1 200 OK"
2025-10-13 20:45:02,181 - INFO - HTTP Request: POST https://api.telegram.org/bot8115605790:AAF2BAAGm48-Rt-d5U44Mw7rLD02yo2v1hY/setMyCommands "HTTP/1.1 200 OK"
2025-10-13 20:45:02,219 - INFO - HTTP Request: POST https://api.telegram.org/bot8115605790:AAF2BAAGm48-Rt-d5U44Mw7rLD02yo2v1hY/deleteWebhook "HTTP/1.1 200 OK"
2025-10-13 20:45:02,340 - INFO - HTTP Request: POST https://api.telegram.org/bot8115605790:AAF2BAAGm48-Rt-d5U44Mw7rLD02yo2v1hY/getUpdates "HTTP/1.1 200 OK"
2025-10-13 20:45:02,345 - INFO - Daddodad (454010613,Davide) called /card
2025-10-13 20:45:02,426 - INFO - HTTP Request: POST https://api.telegram.org/bot8115605790:AAF2BAAGm48-Rt-d5U44Mw7rLD02yo2v1hY/sendMessage "HTTP/1.1 200 OK"
2025-10-13 20:45:07,490 - INFO - HTTP Request: POST https://api.telegram.org/bot8115605790:AAF2BAAGm48-Rt-d5U44Mw7rLD02yo2v1hY/sendPhoto "HTTP/1.1 200 OK"
2025-10-13 20:45:12,380 - INFO - HTTP Request: POST https://api.telegram.org/bot8115605790:AAF2BAAGm48-Rt-d5U44Mw7rLD02yo2v1hY/getUpdates "HTTP/1.1 200 OK"
2025-10-13 20:45:22,430 - INFO - HTTP Request: POST https://api.telegram.org/bot8115605790:AAF2BAAGm48-Rt-d5U44Mw7rLD02yo2v1hY/getUpdates "HTTP/1.1 200 OK"
2025-10-13 20:45:30,910 - INFO - HTTP Request: POST https://api.telegram.org/bot8115605790:AAF2BAAGm48-Rt-d5U44Mw7rLD02yo2v1hY/getMe "HTTP/1.1 200 OK"
2025-10-13 20:45:31,027 - INFO - HTTP Request: POST https://api.telegram.org/bot8115605790:AAF2BAAGm48-Rt-d5U44Mw7rLD02yo2v1hY/setMyCommands "HTTP/1.1 200 OK"
2025-10-13 20:45:31,062 - INFO - HTTP Request: POST https://api.telegram.org/bot8115605790:AAF2BAAGm48-Rt-d5U44Mw7rLD02yo2v1hY/deleteWebhook "HTTP/1.1 200 OK"
2025-10-13 20:45:31,188 - INFO - HTTP Request: POST https://api.telegram.org/bot8115605790:AAF2BAAGm48-Rt-d5U44Mw7rLD02yo2v1hY/getUpdates "HTTP/1.1 200 OK"
2025-10-13 20:45:31,188 - INFO - Daddodad (454010613,Davide) called /card
2025-10-13 20:45:31,280 - INFO - HTTP Request: POST https://api.telegram.org/bot8115605790:AAF2BAAGm48-Rt-d5U44Mw7rLD02yo2v1hY/sendMessage "HTTP/1.1 200 OK"
2025-10-13 20:45:35,760 - INFO - HTTP Request: POST https://api.telegram.org/bot8115605790:AAF2BAAGm48-Rt-d5U44Mw7rLD02yo2v1hY/sendPhoto "HTTP/1.1 200 OK"
2025-10-13 20:45:41,235 - INFO - HTTP Request: POST https://api.telegram.org/bot8115605790:AAF2BAAGm48-Rt-d5U44Mw7rLD02yo2v1hY/getUpdates "HTTP/1.1 200 OK"
2025-10-13 20:45:51,280 - INFO - HTTP Request: POST https://api.telegram.org/bot8115605790:AAF2BAAGm48-Rt-d5U44Mw7rLD02yo2v1hY/getUpdates "HTTP/1.1 200 OK"
2025-10-13 20:46:01,311 - INFO - HTTP Request: POST https://api.telegram.org/bot8115605790:AAF2BAAGm48-Rt-d5U44Mw7rLD02yo2v1hY/getUpdates "HTTP/1.1 200 OK"
2025-10-13 20:46:11,360 - INFO - HTTP Request: POST https://api.telegram.org/bot8115605790:AAF2BAAGm48-Rt-d5U44Mw7rLD02yo2v1hY/getUpdates "HTTP/1.1 200 OK"
2025-10-13 20:46:21,398 - INFO - HTTP Request: POST https://api.telegram.org/bot8115605790:AAF2BAAGm48-Rt-d5U44Mw7rLD02yo2v1hY/getUpdates "HTTP/1.1 200 OK"
2025-10-13 20:46:31,438 - INFO - HTTP Request: POST https://api.telegram.org/bot8115605790:AAF2BAAGm48-Rt-d5U44Mw7rLD02yo2v1hY/getUpdates "HTTP/1.1 200 OK"
2025-10-13 20:46:41,479 - INFO - HTTP Request: POST https://api.telegram.org/bot8115605790:AAF2BAAGm48-Rt-d5U44Mw7rLD02yo2v1hY/getUpdates "HTTP/1.1 200 OK"
2025-10-13 20:46:51,518 - INFO - HTTP Request: POST https://api.telegram.org/bot8115605790:AAF2BAAGm48-Rt-d5U44Mw7rLD02yo2v1hY/getUpdates "HTTP/1.1 200 OK"
2025-10-13 20:46:57,340 - INFO - HTTP Request: POST https://api.telegram.org/bot8115605790:AAF2BAAGm48-Rt-d5U44Mw7rLD02yo2v1hY/getUpdates "HTTP/1.1 200 OK"
2025-10-13 20:47:04,023 - INFO - HTTP Request: POST https://api.telegram.org/bot8115605790:AAF2BAAGm48-Rt-d5U44Mw7rLD02yo2v1hY/getMe "HTTP/1.1 200 OK"
2025-10-13 20:47:04,074 - INFO - HTTP Request: POST https://api.telegram.org/bot8115605790:AAF2BAAGm48-Rt-d5U44Mw7rLD02yo2v1hY/setMyCommands "HTTP/1.1 200 OK"
2025-10-13 20:47:04,107 - INFO - HTTP Request: POST https://api.telegram.org/bot8115605790:AAF2BAAGm48-Rt-d5U44Mw7rLD02yo2v1hY/deleteWebhook "HTTP/1.1 200 OK"
2025-10-13 20:47:04,281 - INFO - HTTP Request: POST https://api.telegram.org/bot8115605790:AAF2BAAGm48-Rt-d5U44Mw7rLD02yo2v1hY/getUpdates "HTTP/1.1 200 OK"
2025-10-13 20:47:04,283 - INFO - Daddodad (454010613,Davide) called /card
2025-10-13 20:47:04,356 - INFO - HTTP Request: POST https://api.telegram.org/bot8115605790:AAF2BAAGm48-Rt-d5U44Mw7rLD02yo2v1hY/sendMessage "HTTP/1.1 200 OK"
2025-10-13 20:47:10,254 - INFO - HTTP Request: POST https://api.telegram.org/bot8115605790:AAF2BAAGm48-Rt-d5U44Mw7rLD02yo2v1hY/sendPhoto "HTTP/1.1 200 OK"
2025-10-13 20:47:14,328 - INFO - HTTP Request: POST https://api.telegram.org/bot8115605790:AAF2BAAGm48-Rt-d5U44Mw7rLD02yo2v1hY/getUpdates "HTTP/1.1 200 OK"
2025-10-13 20:47:24,376 - INFO - HTTP Request: POST https://api.telegram.org/bot8115605790:AAF2BAAGm48-Rt-d5U44Mw7rLD02yo2v1hY/getUpdates "HTTP/1.1 200 OK"
2025-10-13 20:47:34,416 - INFO - HTTP Request: POST https://api.telegram.org/bot8115605790:AAF2BAAGm48-Rt-d5U44Mw7rLD02yo2v1hY/getUpdates "HTTP/1.1 200 OK"
2025-10-13 20:47:39,855 - INFO - HTTP Request: POST https://api.telegram.org/bot8115605790:AAF2BAAGm48-Rt-d5U44Mw7rLD02yo2v1hY/getUpdates "HTTP/1.1 200 OK"
2025-10-13 20:47:57,431 - INFO - HTTP Request: POST https://api.telegram.org/bot8115605790:AAF2BAAGm48-Rt-d5U44Mw7rLD02yo2v1hY/getMe "HTTP/1.1 200 OK"
2025-10-13 20:47:57,517 - INFO - HTTP Request: POST https://api.telegram.org/bot8115605790:AAF2BAAGm48-Rt-d5U44Mw7rLD02yo2v1hY/setMyCommands "HTTP/1.1 200 OK"
2025-10-13 20:47:57,562 - INFO - HTTP Request: POST https://api.telegram.org/bot8115605790:AAF2BAAGm48-Rt-d5U44Mw7rLD02yo2v1hY/deleteWebhook "HTTP/1.1 200 OK"
2025-10-13 20:48:06,622 - INFO - HTTP Request: POST https://api.telegram.org/bot8115605790:AAF2BAAGm48-Rt-d5U44Mw7rLD02yo2v1hY/getUpdates "HTTP/1.1 200 OK"
2025-10-13 20:48:06,623 - INFO - Daddodad (454010613,Davide) called /card
2025-10-13 20:48:06,845 - INFO - HTTP Request: POST https://api.telegram.org/bot8115605790:AAF2BAAGm48-Rt-d5U44Mw7rLD02yo2v1hY/sendMessage "HTTP/1.1 200 OK"
2025-10-13 20:48:11,645 - INFO - HTTP Request: POST https://api.telegram.org/bot8115605790:AAF2BAAGm48-Rt-d5U44Mw7rLD02yo2v1hY/sendPhoto "HTTP/1.1 200 OK"
2025-10-13 20:48:16,664 - INFO - HTTP Request: POST https://api.telegram.org/bot8115605790:AAF2BAAGm48-Rt-d5U44Mw7rLD02yo2v1hY/getUpdates "HTTP/1.1 200 OK"
2025-10-13 20:48:26,702 - INFO - HTTP Request: POST https://api.telegram.org/bot8115605790:AAF2BAAGm48-Rt-d5U44Mw7rLD02yo2v1hY/getUpdates "HTTP/1.1 200 OK"
2025-10-13 20:48:36,852 - INFO - HTTP Request: POST https://api.telegram.org/bot8115605790:AAF2BAAGm48-Rt-d5U44Mw7rLD02yo2v1hY/getMe "HTTP/1.1 200 OK"
2025-10-13 20:48:36,952 - INFO - HTTP Request: POST https://api.telegram.org/bot8115605790:AAF2BAAGm48-Rt-d5U44Mw7rLD02yo2v1hY/setMyCommands "HTTP/1.1 200 OK"
2025-10-13 20:48:36,983 - INFO - HTTP Request: POST https://api.telegram.org/bot8115605790:AAF2BAAGm48-Rt-d5U44Mw7rLD02yo2v1hY/deleteWebhook "HTTP/1.1 200 OK"
2025-10-13 20:48:37,100 - INFO - HTTP Request: POST https://api.telegram.org/bot8115605790:AAF2BAAGm48-Rt-d5U44Mw7rLD02yo2v1hY/getUpdates "HTTP/1.1 200 OK"
2025-10-13 20:48:37,100 - INFO - Daddodad (454010613,Davide) called /card
2025-10-13 20:48:37,267 - INFO - HTTP Request: POST https://api.telegram.org/bot8115605790:AAF2BAAGm48-Rt-d5U44Mw7rLD02yo2v1hY/sendMessage "HTTP/1.1 200 OK"
2025-10-13 20:48:41,537 - INFO - HTTP Request: POST https://api.telegram.org/bot8115605790:AAF2BAAGm48-Rt-d5U44Mw7rLD02yo2v1hY/sendPhoto "HTTP/1.1 200 OK"
2025-10-13 20:48:47,146 - INFO - HTTP Request: POST https://api.telegram.org/bot8115605790:AAF2BAAGm48-Rt-d5U44Mw7rLD02yo2v1hY/getUpdates "HTTP/1.1 200 OK"
2025-10-13 20:48:57,186 - INFO - HTTP Request: POST https://api.telegram.org/bot8115605790:AAF2BAAGm48-Rt-d5U44Mw7rLD02yo2v1hY/getUpdates "HTTP/1.1 200 OK"
2025-10-13 20:49:07,216 - INFO - HTTP Request: POST https://api.telegram.org/bot8115605790:AAF2BAAGm48-Rt-d5U44Mw7rLD02yo2v1hY/getUpdates "HTTP/1.1 200 OK"
2025-10-13 20:49:17,248 - INFO - HTTP Request: POST https://api.telegram.org/bot8115605790:AAF2BAAGm48-Rt-d5U44Mw7rLD02yo2v1hY/getUpdates "HTTP/1.1 200 OK"
2025-10-13 20:49:27,292 - INFO - HTTP Request: POST https://api.telegram.org/bot8115605790:AAF2BAAGm48-Rt-d5U44Mw7rLD02yo2v1hY/getUpdates "HTTP/1.1 200 OK"
2025-10-13 20:49:37,321 - INFO - HTTP Request: POST https://api.telegram.org/bot8115605790:AAF2BAAGm48-Rt-d5U44Mw7rLD02yo2v1hY/getUpdates "HTTP/1.1 200 OK"
2025-10-13 20:49:47,362 - INFO - HTTP Request: POST https://api.telegram.org/bot8115605790:AAF2BAAGm48-Rt-d5U44Mw7rLD02yo2v1hY/getUpdates "HTTP/1.1 200 OK"
2025-10-13 20:49:56,069 - INFO - HTTP Request: POST https://api.telegram.org/bot8115605790:AAF2BAAGm48-Rt-d5U44Mw7rLD02yo2v1hY/getUpdates "HTTP/1.1 200 OK"
2025-10-13 20:49:56,069 - INFO - Daddodad (454010613,Davide) called /card
2025-10-13 20:49:56,394 - INFO - HTTP Request: POST https://api.telegram.org/bot8115605790:AAF2BAAGm48-Rt-d5U44Mw7rLD02yo2v1hY/sendMessage "HTTP/1.1 200 OK"
2025-10-13 20:49:59,766 - INFO - HTTP Request: POST https://api.telegram.org/bot8115605790:AAF2BAAGm48-Rt-d5U44Mw7rLD02yo2v1hY/sendPhoto "HTTP/1.1 200 OK"
2025-10-13 20:50:06,112 - INFO - HTTP Request: POST https://api.telegram.org/bot8115605790:AAF2BAAGm48-Rt-d5U44Mw7rLD02yo2v1hY/getUpdates "HTTP/1.1 200 OK"
2025-10-13 20:50:16,144 - INFO - HTTP Request: POST https://api.telegram.org/bot8115605790:AAF2BAAGm48-Rt-d5U44Mw7rLD02yo2v1hY/getUpdates "HTTP/1.1 200 OK"
2025-10-13 20:50:26,179 - INFO - HTTP Request: POST https://api.telegram.org/bot8115605790:AAF2BAAGm48-Rt-d5U44Mw7rLD02yo2v1hY/getUpdates "HTTP/1.1 200 OK"
2025-10-13 20:50:36,209 - INFO - HTTP Request: POST https://api.telegram.org/bot8115605790:AAF2BAAGm48-Rt-d5U44Mw7rLD02yo2v1hY/getUpdates "HTTP/1.1 200 OK"
2025-10-13 20:50:46,242 - INFO - HTTP Request: POST https://api.telegram.org/bot8115605790:AAF2BAAGm48-Rt-d5U44Mw7rLD02yo2v1hY/getUpdates "HTTP/1.1 200 OK"
2025-10-13 20:50:56,277 - INFO - HTTP Request: POST https://api.telegram.org/bot8115605790:AAF2BAAGm48-Rt-d5U44Mw7rLD02yo2v1hY/getUpdates "HTTP/1.1 200 OK"
2025-10-13 20:51:06,326 - INFO - HTTP Request: POST https://api.telegram.org/bot8115605790:AAF2BAAGm48-Rt-d5U44Mw7rLD02yo2v1hY/getUpdates "HTTP/1.1 200 OK"
2025-10-13 20:51:16,357 - INFO - HTTP Request: POST https://api.telegram.org/bot8115605790:AAF2BAAGm48-Rt-d5U44Mw7rLD02yo2v1hY/getUpdates "HTTP/1.1 200 OK"
2025-10-13 20:51:26,402 - INFO - HTTP Request: POST https://api.telegram.org/bot8115605790:AAF2BAAGm48-Rt-d5U44Mw7rLD02yo2v1hY/getUpdates "HTTP/1.1 200 OK"
2025-10-13 20:51:36,428 - INFO - HTTP Request: POST https://api.telegram.org/bot8115605790:AAF2BAAGm48-Rt-d5U44Mw7rLD02yo2v1hY/getUpdates "HTTP/1.1 200 OK"
2025-10-13 20:51:46,475 - INFO - HTTP Request: POST https://api.telegram.org/bot8115605790:AAF2BAAGm48-Rt-d5U44Mw7rLD02yo2v1hY/getUpdates "HTTP/1.1 200 OK"
2025-10-13 20:51:56,511 - INFO - HTTP Request: POST https://api.telegram.org/bot8115605790:AAF2BAAGm48-Rt-d5U44Mw7rLD02yo2v1hY/getUpdates "HTTP/1.1 200 OK"
2025-10-13 20:52:00,074 - INFO - HTTP Request: POST https://api.telegram.org/bot8115605790:AAF2BAAGm48-Rt-d5U44Mw7rLD02yo2v1hY/getUpdates "HTTP/1.1 200 OK"
2025-10-13 20:52:09,238 - INFO - HTTP Request: POST https://api.telegram.org/bot8115605790:AAF2BAAGm48-Rt-d5U44Mw7rLD02yo2v1hY/getMe "HTTP/1.1 200 OK"
2025-10-13 20:52:09,388 - INFO - HTTP Request: POST https://api.telegram.org/bot8115605790:AAF2BAAGm48-Rt-d5U44Mw7rLD02yo2v1hY/setMyCommands "HTTP/1.1 200 OK"
2025-10-13 20:52:09,439 - INFO - HTTP Request: POST https://api.telegram.org/bot8115605790:AAF2BAAGm48-Rt-d5U44Mw7rLD02yo2v1hY/deleteWebhook "HTTP/1.1 200 OK"
2025-10-13 20:52:09,555 - INFO - HTTP Request: POST https://api.telegram.org/bot8115605790:AAF2BAAGm48-Rt-d5U44Mw7rLD02yo2v1hY/getUpdates "HTTP/1.1 200 OK"
2025-10-13 20:52:09,555 - INFO - Daddodad (454010613,Davide) called /card
2025-10-13 20:52:09,751 - INFO - HTTP Request: POST https://api.telegram.org/bot8115605790:AAF2BAAGm48-Rt-d5U44Mw7rLD02yo2v1hY/sendMessage "HTTP/1.1 200 OK"
2025-10-13 20:52:15,395 - INFO - HTTP Request: POST https://api.telegram.org/bot8115605790:AAF2BAAGm48-Rt-d5U44Mw7rLD02yo2v1hY/sendPhoto "HTTP/1.1 200 OK"
2025-10-13 20:52:19,606 - INFO - HTTP Request: POST https://api.telegram.org/bot8115605790:AAF2BAAGm48-Rt-d5U44Mw7rLD02yo2v1hY/getUpdates "HTTP/1.1 200 OK"
2025-10-13 20:52:29,639 - INFO - HTTP Request: POST https://api.telegram.org/bot8115605790:AAF2BAAGm48-Rt-d5U44Mw7rLD02yo2v1hY/getUpdates "HTTP/1.1 200 OK"
2025-10-13 20:52:34,904 - INFO - HTTP Request: POST https://api.telegram.org/bot8115605790:AAF2BAAGm48-Rt-d5U44Mw7rLD02yo2v1hY/getUpdates "HTTP/1.1 200 OK"
2025-10-13 20:52:41,992 - INFO - HTTP Request: POST https://api.telegram.org/bot8115605790:AAF2BAAGm48-Rt-d5U44Mw7rLD02yo2v1hY/getMe "HTTP/1.1 200 OK"
2025-10-13 20:52:42,043 - INFO - HTTP Request: POST https://api.telegram.org/bot8115605790:AAF2BAAGm48-Rt-d5U44Mw7rLD02yo2v1hY/setMyCommands "HTTP/1.1 200 OK"
2025-10-13 20:52:42,069 - INFO - HTTP Request: POST https://api.telegram.org/bot8115605790:AAF2BAAGm48-Rt-d5U44Mw7rLD02yo2v1hY/deleteWebhook "HTTP/1.1 200 OK"
2025-10-13 20:52:42,198 - INFO - HTTP Request: POST https://api.telegram.org/bot8115605790:AAF2BAAGm48-Rt-d5U44Mw7rLD02yo2v1hY/getUpdates "HTTP/1.1 200 OK"
2025-10-13 20:52:42,214 - INFO - Daddodad (454010613,Davide) called /card
2025-10-13 20:52:42,295 - INFO - HTTP Request: POST https://api.telegram.org/bot8115605790:AAF2BAAGm48-Rt-d5U44Mw7rLD02yo2v1hY/sendMessage "HTTP/1.1 200 OK"
2025-10-13 20:52:46,423 - INFO - HTTP Request: POST https://api.telegram.org/bot8115605790:AAF2BAAGm48-Rt-d5U44Mw7rLD02yo2v1hY/sendPhoto "HTTP/1.1 200 OK"
2025-10-13 20:52:52,264 - INFO - HTTP Request: POST https://api.telegram.org/bot8115605790:AAF2BAAGm48-Rt-d5U44Mw7rLD02yo2v1hY/getUpdates "HTTP/1.1 200 OK"
2025-10-13 20:53:02,315 - INFO - HTTP Request: POST https://api.telegram.org/bot8115605790:AAF2BAAGm48-Rt-d5U44Mw7rLD02yo2v1hY/getUpdates "HTTP/1.1 200 OK"
2025-10-13 20:53:12,350 - INFO - HTTP Request: POST https://api.telegram.org/bot8115605790:AAF2BAAGm48-Rt-d5U44Mw7rLD02yo2v1hY/getUpdates "HTTP/1.1 200 OK"
2025-10-13 20:53:22,399 - INFO - HTTP Request: POST https://api.telegram.org/bot8115605790:AAF2BAAGm48-Rt-d5U44Mw7rLD02yo2v1hY/getUpdates "HTTP/1.1 200 OK"
2025-10-13 20:53:32,436 - INFO - HTTP Request: POST https://api.telegram.org/bot8115605790:AAF2BAAGm48-Rt-d5U44Mw7rLD02yo2v1hY/getUpdates "HTTP/1.1 200 OK"
2025-10-13 20:53:38,067 - INFO - HTTP Request: POST https://api.telegram.org/bot8115605790:AAF2BAAGm48-Rt-d5U44Mw7rLD02yo2v1hY/getUpdates "HTTP/1.1 200 OK"
2025-10-13 20:53:38,069 - INFO - Daddodad (454010613,Davide) called /help
2025-10-13 20:53:38,233 - INFO - HTTP Request: POST https://api.telegram.org/bot8115605790:AAF2BAAGm48-Rt-d5U44Mw7rLD02yo2v1hY/sendMessage "HTTP/1.1 200 OK"
2025-10-13 20:53:40,650 - INFO - HTTP Request: POST https://api.telegram.org/bot8115605790:AAF2BAAGm48-Rt-d5U44Mw7rLD02yo2v1hY/getUpdates "HTTP/1.1 200 OK"
2025-10-13 20:53:40,700 - INFO - HTTP Request: POST https://api.telegram.org/bot8115605790:AAF2BAAGm48-Rt-d5U44Mw7rLD02yo2v1hY/answerCallbackQuery "HTTP/1.1 200 OK"
2025-10-13 20:53:40,793 - INFO - HTTP Request: POST https://api.telegram.org/bot8115605790:AAF2BAAGm48-Rt-d5U44Mw7rLD02yo2v1hY/editMessageText "HTTP/1.1 200 OK"
2025-10-13 20:53:50,702 - INFO - HTTP Request: POST https://api.telegram.org/bot8115605790:AAF2BAAGm48-Rt-d5U44Mw7rLD02yo2v1hY/getUpdates "HTTP/1.1 200 OK"
2025-10-13 20:54:00,748 - INFO - HTTP Request: POST https://api.telegram.org/bot8115605790:AAF2BAAGm48-Rt-d5U44Mw7rLD02yo2v1hY/getUpdates "HTTP/1.1 200 OK"
2025-10-13 20:54:10,790 - INFO - HTTP Request: POST https://api.telegram.org/bot8115605790:AAF2BAAGm48-Rt-d5U44Mw7rLD02yo2v1hY/getUpdates "HTTP/1.1 200 OK"
2025-10-13 20:54:20,830 - INFO - HTTP Request: POST https://api.telegram.org/bot8115605790:AAF2BAAGm48-Rt-d5U44Mw7rLD02yo2v1hY/getUpdates "HTTP/1.1 200 OK"
2025-10-13 20:54:30,863 - INFO - HTTP Request: POST https://api.telegram.org/bot8115605790:AAF2BAAGm48-Rt-d5U44Mw7rLD02yo2v1hY/getUpdates "HTTP/1.1 200 OK"
2025-10-13 20:54:40,896 - INFO - HTTP Request: POST https://api.telegram.org/bot8115605790:AAF2BAAGm48-Rt-d5U44Mw7rLD02yo2v1hY/getUpdates "HTTP/1.1 200 OK"
2025-10-13 20:54:50,948 - INFO - HTTP Request: POST https://api.telegram.org/bot8115605790:AAF2BAAGm48-Rt-d5U44Mw7rLD02yo2v1hY/getUpdates "HTTP/1.1 200 OK"
2025-10-13 20:55:00,978 - INFO - HTTP Request: POST https://api.telegram.org/bot8115605790:AAF2BAAGm48-Rt-d5U44Mw7rLD02yo2v1hY/getUpdates "HTTP/1.1 200 OK"
2025-10-13 20:55:11,031 - INFO - HTTP Request: POST https://api.telegram.org/bot8115605790:AAF2BAAGm48-Rt-d5U44Mw7rLD02yo2v1hY/getUpdates "HTTP/1.1 200 OK"
2025-10-13 20:55:20,911 - INFO - HTTP Request: POST https://api.telegram.org/bot8115605790:AAF2BAAGm48-Rt-d5U44Mw7rLD02yo2v1hY/getMe "HTTP/1.1 200 OK"
2025-10-13 20:55:20,959 - INFO - HTTP Request: POST https://api.telegram.org/bot8115605790:AAF2BAAGm48-Rt-d5U44Mw7rLD02yo2v1hY/setMyCommands "HTTP/1.1 200 OK"
2025-10-13 20:55:20,997 - INFO - HTTP Request: POST https://api.telegram.org/bot8115605790:AAF2BAAGm48-Rt-d5U44Mw7rLD02yo2v1hY/deleteWebhook "HTTP/1.1 200 OK"
2025-10-13 20:55:22,345 - INFO - HTTP Request: POST https://api.telegram.org/bot8115605790:AAF2BAAGm48-Rt-d5U44Mw7rLD02yo2v1hY/getUpdates "HTTP/1.1 200 OK"
2025-10-13 20:55:22,346 - INFO - Daddodad (454010613,Davide) called /card
2025-10-13 20:55:22,429 - INFO - HTTP Request: POST https://api.telegram.org/bot8115605790:AAF2BAAGm48-Rt-d5U44Mw7rLD02yo2v1hY/sendMessage "HTTP/1.1 200 OK"
2025-10-13 20:55:26,343 - INFO - HTTP Request: POST https://api.telegram.org/bot8115605790:AAF2BAAGm48-Rt-d5U44Mw7rLD02yo2v1hY/sendPhoto "HTTP/1.1 200 OK"
2025-10-13 20:55:32,385 - INFO - HTTP Request: POST https://api.telegram.org/bot8115605790:AAF2BAAGm48-Rt-d5U44Mw7rLD02yo2v1hY/getUpdates "HTTP/1.1 200 OK"
2025-10-13 20:55:38,393 - INFO - HTTP Request: POST https://api.telegram.org/bot8115605790:AAF2BAAGm48-Rt-d5U44Mw7rLD02yo2v1hY/getUpdates "HTTP/1.1 200 OK"
2025-10-13 20:55:38,395 - INFO - Daddodad (454010613,Davide) called /help
2025-10-13 20:55:38,546 - INFO - HTTP Request: POST https://api.telegram.org/bot8115605790:AAF2BAAGm48-Rt-d5U44Mw7rLD02yo2v1hY/sendMessage "HTTP/1.1 200 OK"
2025-10-13 20:55:40,726 - INFO - HTTP Request: POST https://api.telegram.org/bot8115605790:AAF2BAAGm48-Rt-d5U44Mw7rLD02yo2v1hY/getUpdates "HTTP/1.1 200 OK"
2025-10-13 20:55:40,759 - INFO - HTTP Request: POST https://api.telegram.org/bot8115605790:AAF2BAAGm48-Rt-d5U44Mw7rLD02yo2v1hY/answerCallbackQuery "HTTP/1.1 200 OK"
2025-10-13 20:55:40,810 - INFO - HTTP Request: POST https://api.telegram.org/bot8115605790:AAF2BAAGm48-Rt-d5U44Mw7rLD02yo2v1hY/editMessageText "HTTP/1.1 400 Bad Request"
2025-10-13 20:55:40,810 - ERROR - No error handlers are registered, logging exception.
Traceback (most recent call last):
  File "D:\Desktop_fake\CNR\av-anomaly-detection\av-anomaly-detection\.venv\Lib\site-packages\telegram\ext\_application.py", line 1298, in process_update
    await coroutine
  File "D:\Desktop_fake\CNR\av-anomaly-detection\av-anomaly-detection\.venv\Lib\site-packages\telegram\ext\_handlers\basehandler.py", line 158, in handle_update
    return await self.callback(update, context)
           ^^^^^^^^^^^^^^^^^^^^^^^^^^^^^^^^^^^^
  File "D:\Desktop_fake\MawileBot\home\MawileBot\src\Commands.py", line 497, in help_button_handler
    await show_command_help(update, context)
  File "D:\Desktop_fake\MawileBot\home\MawileBot\src\Commands.py", line 490, in show_command_help
    await query.edit_message_text(text=text, parse_mode='MarkdownV2', reply_markup=reply_markup)
  File "D:\Desktop_fake\CNR\av-anomaly-detection\av-anomaly-detection\.venv\Lib\site-packages\telegram\_callbackquery.py", line 265, in edit_message_text
    return await self._get_message().edit_text(
           ^^^^^^^^^^^^^^^^^^^^^^^^^^^^^^^^^^^^
  File "D:\Desktop_fake\CNR\av-anomaly-detection\av-anomaly-detection\.venv\Lib\site-packages\telegram\_message.py", line 3809, in edit_text
    return await self.get_bot().edit_message_text(
           ^^^^^^^^^^^^^^^^^^^^^^^^^^^^^^^^^^^^^^^
  File "D:\Desktop_fake\CNR\av-anomaly-detection\av-anomaly-detection\.venv\Lib\site-packages\telegram\ext\_extbot.py", line 1722, in edit_message_text
    return await super().edit_message_text(
           ^^^^^^^^^^^^^^^^^^^^^^^^^^^^^^^^
  File "D:\Desktop_fake\CNR\av-anomaly-detection\av-anomaly-detection\.venv\Lib\site-packages\telegram\_bot.py", line 4293, in edit_message_text
    return await self._send_message(
           ^^^^^^^^^^^^^^^^^^^^^^^^^
  File "D:\Desktop_fake\CNR\av-anomaly-detection\av-anomaly-detection\.venv\Lib\site-packages\telegram\ext\_extbot.py", line 629, in _send_message
    result = await super()._send_message(
             ^^^^^^^^^^^^^^^^^^^^^^^^^^^^
  File "D:\Desktop_fake\CNR\av-anomaly-detection\av-anomaly-detection\.venv\Lib\site-packages\telegram\_bot.py", line 809, in _send_message
    result = await self._post(
             ^^^^^^^^^^^^^^^^^
  File "D:\Desktop_fake\CNR\av-anomaly-detection\av-anomaly-detection\.venv\Lib\site-packages\telegram\_bot.py", line 697, in _post
    return await self._do_post(
           ^^^^^^^^^^^^^^^^^^^^
  File "D:\Desktop_fake\CNR\av-anomaly-detection\av-anomaly-detection\.venv\Lib\site-packages\telegram\ext\_extbot.py", line 369, in _do_post
    return await super()._do_post(
           ^^^^^^^^^^^^^^^^^^^^^^^
  File "D:\Desktop_fake\CNR\av-anomaly-detection\av-anomaly-detection\.venv\Lib\site-packages\telegram\_bot.py", line 726, in _do_post
    result = await request.post(
             ^^^^^^^^^^^^^^^^^^^
  File "D:\Desktop_fake\CNR\av-anomaly-detection\av-anomaly-detection\.venv\Lib\site-packages\telegram\request\_baserequest.py", line 197, in post
    result = await self._request_wrapper(
             ^^^^^^^^^^^^^^^^^^^^^^^^^^^^
  File "D:\Desktop_fake\CNR\av-anomaly-detection\av-anomaly-detection\.venv\Lib\site-packages\telegram\request\_baserequest.py", line 353, in _request_wrapper
    raise BadRequest(message)
telegram.error.BadRequest: Can't parse entities: character '.' is reserved and must be escaped with the preceding '\'
2025-10-13 20:55:45,779 - INFO - HTTP Request: POST https://api.telegram.org/bot8115605790:AAF2BAAGm48-Rt-d5U44Mw7rLD02yo2v1hY/getUpdates "HTTP/1.1 200 OK"
2025-10-13 20:55:45,883 - INFO - HTTP Request: POST https://api.telegram.org/bot8115605790:AAF2BAAGm48-Rt-d5U44Mw7rLD02yo2v1hY/answerCallbackQuery "HTTP/1.1 200 OK"
2025-10-13 20:55:45,909 - INFO - HTTP Request: POST https://api.telegram.org/bot8115605790:AAF2BAAGm48-Rt-d5U44Mw7rLD02yo2v1hY/editMessageText "HTTP/1.1 400 Bad Request"
2025-10-13 20:55:45,924 - ERROR - No error handlers are registered, logging exception.
Traceback (most recent call last):
  File "D:\Desktop_fake\CNR\av-anomaly-detection\av-anomaly-detection\.venv\Lib\site-packages\telegram\ext\_application.py", line 1298, in process_update
    await coroutine
  File "D:\Desktop_fake\CNR\av-anomaly-detection\av-anomaly-detection\.venv\Lib\site-packages\telegram\ext\_handlers\basehandler.py", line 158, in handle_update
    return await self.callback(update, context)
           ^^^^^^^^^^^^^^^^^^^^^^^^^^^^^^^^^^^^
  File "D:\Desktop_fake\MawileBot\home\MawileBot\src\Commands.py", line 497, in help_button_handler
    await show_command_help(update, context)
  File "D:\Desktop_fake\MawileBot\home\MawileBot\src\Commands.py", line 490, in show_command_help
    await query.edit_message_text(text=text, parse_mode='MarkdownV2', reply_markup=reply_markup)
  File "D:\Desktop_fake\CNR\av-anomaly-detection\av-anomaly-detection\.venv\Lib\site-packages\telegram\_callbackquery.py", line 265, in edit_message_text
    return await self._get_message().edit_text(
           ^^^^^^^^^^^^^^^^^^^^^^^^^^^^^^^^^^^^
  File "D:\Desktop_fake\CNR\av-anomaly-detection\av-anomaly-detection\.venv\Lib\site-packages\telegram\_message.py", line 3809, in edit_text
    return await self.get_bot().edit_message_text(
           ^^^^^^^^^^^^^^^^^^^^^^^^^^^^^^^^^^^^^^^
  File "D:\Desktop_fake\CNR\av-anomaly-detection\av-anomaly-detection\.venv\Lib\site-packages\telegram\ext\_extbot.py", line 1722, in edit_message_text
    return await super().edit_message_text(
           ^^^^^^^^^^^^^^^^^^^^^^^^^^^^^^^^
  File "D:\Desktop_fake\CNR\av-anomaly-detection\av-anomaly-detection\.venv\Lib\site-packages\telegram\_bot.py", line 4293, in edit_message_text
    return await self._send_message(
           ^^^^^^^^^^^^^^^^^^^^^^^^^
  File "D:\Desktop_fake\CNR\av-anomaly-detection\av-anomaly-detection\.venv\Lib\site-packages\telegram\ext\_extbot.py", line 629, in _send_message
    result = await super()._send_message(
             ^^^^^^^^^^^^^^^^^^^^^^^^^^^^
  File "D:\Desktop_fake\CNR\av-anomaly-detection\av-anomaly-detection\.venv\Lib\site-packages\telegram\_bot.py", line 809, in _send_message
    result = await self._post(
             ^^^^^^^^^^^^^^^^^
  File "D:\Desktop_fake\CNR\av-anomaly-detection\av-anomaly-detection\.venv\Lib\site-packages\telegram\_bot.py", line 697, in _post
    return await self._do_post(
           ^^^^^^^^^^^^^^^^^^^^
  File "D:\Desktop_fake\CNR\av-anomaly-detection\av-anomaly-detection\.venv\Lib\site-packages\telegram\ext\_extbot.py", line 369, in _do_post
    return await super()._do_post(
           ^^^^^^^^^^^^^^^^^^^^^^^
  File "D:\Desktop_fake\CNR\av-anomaly-detection\av-anomaly-detection\.venv\Lib\site-packages\telegram\_bot.py", line 726, in _do_post
    result = await request.post(
             ^^^^^^^^^^^^^^^^^^^
  File "D:\Desktop_fake\CNR\av-anomaly-detection\av-anomaly-detection\.venv\Lib\site-packages\telegram\request\_baserequest.py", line 197, in post
    result = await self._request_wrapper(
             ^^^^^^^^^^^^^^^^^^^^^^^^^^^^
  File "D:\Desktop_fake\CNR\av-anomaly-detection\av-anomaly-detection\.venv\Lib\site-packages\telegram\request\_baserequest.py", line 353, in _request_wrapper
    raise BadRequest(message)
telegram.error.BadRequest: Can't parse entities: character '.' is reserved and must be escaped with the preceding '\'
2025-10-13 20:55:50,431 - INFO - HTTP Request: POST https://api.telegram.org/bot8115605790:AAF2BAAGm48-Rt-d5U44Mw7rLD02yo2v1hY/getUpdates "HTTP/1.1 200 OK"
2025-10-13 20:55:50,475 - INFO - HTTP Request: POST https://api.telegram.org/bot8115605790:AAF2BAAGm48-Rt-d5U44Mw7rLD02yo2v1hY/answerCallbackQuery "HTTP/1.1 200 OK"
2025-10-13 20:55:50,510 - INFO - HTTP Request: POST https://api.telegram.org/bot8115605790:AAF2BAAGm48-Rt-d5U44Mw7rLD02yo2v1hY/editMessageText "HTTP/1.1 400 Bad Request"
2025-10-13 20:55:50,510 - ERROR - No error handlers are registered, logging exception.
Traceback (most recent call last):
  File "D:\Desktop_fake\CNR\av-anomaly-detection\av-anomaly-detection\.venv\Lib\site-packages\telegram\ext\_application.py", line 1298, in process_update
    await coroutine
  File "D:\Desktop_fake\CNR\av-anomaly-detection\av-anomaly-detection\.venv\Lib\site-packages\telegram\ext\_handlers\basehandler.py", line 158, in handle_update
    return await self.callback(update, context)
           ^^^^^^^^^^^^^^^^^^^^^^^^^^^^^^^^^^^^
  File "D:\Desktop_fake\MawileBot\home\MawileBot\src\Commands.py", line 497, in help_button_handler
    await show_command_help(update, context)
  File "D:\Desktop_fake\MawileBot\home\MawileBot\src\Commands.py", line 490, in show_command_help
    await query.edit_message_text(text=text, parse_mode='MarkdownV2', reply_markup=reply_markup)
  File "D:\Desktop_fake\CNR\av-anomaly-detection\av-anomaly-detection\.venv\Lib\site-packages\telegram\_callbackquery.py", line 265, in edit_message_text
    return await self._get_message().edit_text(
           ^^^^^^^^^^^^^^^^^^^^^^^^^^^^^^^^^^^^
  File "D:\Desktop_fake\CNR\av-anomaly-detection\av-anomaly-detection\.venv\Lib\site-packages\telegram\_message.py", line 3809, in edit_text
    return await self.get_bot().edit_message_text(
           ^^^^^^^^^^^^^^^^^^^^^^^^^^^^^^^^^^^^^^^
  File "D:\Desktop_fake\CNR\av-anomaly-detection\av-anomaly-detection\.venv\Lib\site-packages\telegram\ext\_extbot.py", line 1722, in edit_message_text
    return await super().edit_message_text(
           ^^^^^^^^^^^^^^^^^^^^^^^^^^^^^^^^
  File "D:\Desktop_fake\CNR\av-anomaly-detection\av-anomaly-detection\.venv\Lib\site-packages\telegram\_bot.py", line 4293, in edit_message_text
    return await self._send_message(
           ^^^^^^^^^^^^^^^^^^^^^^^^^
  File "D:\Desktop_fake\CNR\av-anomaly-detection\av-anomaly-detection\.venv\Lib\site-packages\telegram\ext\_extbot.py", line 629, in _send_message
    result = await super()._send_message(
             ^^^^^^^^^^^^^^^^^^^^^^^^^^^^
  File "D:\Desktop_fake\CNR\av-anomaly-detection\av-anomaly-detection\.venv\Lib\site-packages\telegram\_bot.py", line 809, in _send_message
    result = await self._post(
             ^^^^^^^^^^^^^^^^^
  File "D:\Desktop_fake\CNR\av-anomaly-detection\av-anomaly-detection\.venv\Lib\site-packages\telegram\_bot.py", line 697, in _post
    return await self._do_post(
           ^^^^^^^^^^^^^^^^^^^^
  File "D:\Desktop_fake\CNR\av-anomaly-detection\av-anomaly-detection\.venv\Lib\site-packages\telegram\ext\_extbot.py", line 369, in _do_post
    return await super()._do_post(
           ^^^^^^^^^^^^^^^^^^^^^^^
  File "D:\Desktop_fake\CNR\av-anomaly-detection\av-anomaly-detection\.venv\Lib\site-packages\telegram\_bot.py", line 726, in _do_post
    result = await request.post(
             ^^^^^^^^^^^^^^^^^^^
  File "D:\Desktop_fake\CNR\av-anomaly-detection\av-anomaly-detection\.venv\Lib\site-packages\telegram\request\_baserequest.py", line 197, in post
    result = await self._request_wrapper(
             ^^^^^^^^^^^^^^^^^^^^^^^^^^^^
  File "D:\Desktop_fake\CNR\av-anomaly-detection\av-anomaly-detection\.venv\Lib\site-packages\telegram\request\_baserequest.py", line 353, in _request_wrapper
    raise BadRequest(message)
telegram.error.BadRequest: Can't parse entities: character '.' is reserved and must be escaped with the preceding '\'
2025-10-13 20:55:51,371 - INFO - HTTP Request: POST https://api.telegram.org/bot8115605790:AAF2BAAGm48-Rt-d5U44Mw7rLD02yo2v1hY/getUpdates "HTTP/1.1 200 OK"
2025-10-13 20:55:51,426 - INFO - HTTP Request: POST https://api.telegram.org/bot8115605790:AAF2BAAGm48-Rt-d5U44Mw7rLD02yo2v1hY/answerCallbackQuery "HTTP/1.1 200 OK"
2025-10-13 20:55:51,493 - INFO - HTTP Request: POST https://api.telegram.org/bot8115605790:AAF2BAAGm48-Rt-d5U44Mw7rLD02yo2v1hY/editMessageText "HTTP/1.1 200 OK"
2025-10-13 20:55:52,407 - INFO - HTTP Request: POST https://api.telegram.org/bot8115605790:AAF2BAAGm48-Rt-d5U44Mw7rLD02yo2v1hY/getUpdates "HTTP/1.1 200 OK"
2025-10-13 20:55:52,476 - INFO - HTTP Request: POST https://api.telegram.org/bot8115605790:AAF2BAAGm48-Rt-d5U44Mw7rLD02yo2v1hY/answerCallbackQuery "HTTP/1.1 200 OK"
2025-10-13 20:55:52,569 - INFO - HTTP Request: POST https://api.telegram.org/bot8115605790:AAF2BAAGm48-Rt-d5U44Mw7rLD02yo2v1hY/editMessageText "HTTP/1.1 200 OK"
2025-10-13 20:55:53,091 - INFO - HTTP Request: POST https://api.telegram.org/bot8115605790:AAF2BAAGm48-Rt-d5U44Mw7rLD02yo2v1hY/getUpdates "HTTP/1.1 200 OK"
2025-10-13 20:55:53,142 - INFO - HTTP Request: POST https://api.telegram.org/bot8115605790:AAF2BAAGm48-Rt-d5U44Mw7rLD02yo2v1hY/answerCallbackQuery "HTTP/1.1 200 OK"
2025-10-13 20:55:53,190 - INFO - HTTP Request: POST https://api.telegram.org/bot8115605790:AAF2BAAGm48-Rt-d5U44Mw7rLD02yo2v1hY/editMessageText "HTTP/1.1 400 Bad Request"
2025-10-13 20:55:53,192 - ERROR - No error handlers are registered, logging exception.
Traceback (most recent call last):
  File "D:\Desktop_fake\CNR\av-anomaly-detection\av-anomaly-detection\.venv\Lib\site-packages\telegram\ext\_application.py", line 1298, in process_update
    await coroutine
  File "D:\Desktop_fake\CNR\av-anomaly-detection\av-anomaly-detection\.venv\Lib\site-packages\telegram\ext\_handlers\basehandler.py", line 158, in handle_update
    return await self.callback(update, context)
           ^^^^^^^^^^^^^^^^^^^^^^^^^^^^^^^^^^^^
  File "D:\Desktop_fake\MawileBot\home\MawileBot\src\Commands.py", line 497, in help_button_handler
    await show_command_help(update, context)
  File "D:\Desktop_fake\MawileBot\home\MawileBot\src\Commands.py", line 490, in show_command_help
    await query.edit_message_text(text=text, parse_mode='MarkdownV2', reply_markup=reply_markup)
  File "D:\Desktop_fake\CNR\av-anomaly-detection\av-anomaly-detection\.venv\Lib\site-packages\telegram\_callbackquery.py", line 265, in edit_message_text
    return await self._get_message().edit_text(
           ^^^^^^^^^^^^^^^^^^^^^^^^^^^^^^^^^^^^
  File "D:\Desktop_fake\CNR\av-anomaly-detection\av-anomaly-detection\.venv\Lib\site-packages\telegram\_message.py", line 3809, in edit_text
    return await self.get_bot().edit_message_text(
           ^^^^^^^^^^^^^^^^^^^^^^^^^^^^^^^^^^^^^^^
  File "D:\Desktop_fake\CNR\av-anomaly-detection\av-anomaly-detection\.venv\Lib\site-packages\telegram\ext\_extbot.py", line 1722, in edit_message_text
    return await super().edit_message_text(
           ^^^^^^^^^^^^^^^^^^^^^^^^^^^^^^^^
  File "D:\Desktop_fake\CNR\av-anomaly-detection\av-anomaly-detection\.venv\Lib\site-packages\telegram\_bot.py", line 4293, in edit_message_text
    return await self._send_message(
           ^^^^^^^^^^^^^^^^^^^^^^^^^
  File "D:\Desktop_fake\CNR\av-anomaly-detection\av-anomaly-detection\.venv\Lib\site-packages\telegram\ext\_extbot.py", line 629, in _send_message
    result = await super()._send_message(
             ^^^^^^^^^^^^^^^^^^^^^^^^^^^^
  File "D:\Desktop_fake\CNR\av-anomaly-detection\av-anomaly-detection\.venv\Lib\site-packages\telegram\_bot.py", line 809, in _send_message
    result = await self._post(
             ^^^^^^^^^^^^^^^^^
  File "D:\Desktop_fake\CNR\av-anomaly-detection\av-anomaly-detection\.venv\Lib\site-packages\telegram\_bot.py", line 697, in _post
    return await self._do_post(
           ^^^^^^^^^^^^^^^^^^^^
  File "D:\Desktop_fake\CNR\av-anomaly-detection\av-anomaly-detection\.venv\Lib\site-packages\telegram\ext\_extbot.py", line 369, in _do_post
    return await super()._do_post(
           ^^^^^^^^^^^^^^^^^^^^^^^
  File "D:\Desktop_fake\CNR\av-anomaly-detection\av-anomaly-detection\.venv\Lib\site-packages\telegram\_bot.py", line 726, in _do_post
    result = await request.post(
             ^^^^^^^^^^^^^^^^^^^
  File "D:\Desktop_fake\CNR\av-anomaly-detection\av-anomaly-detection\.venv\Lib\site-packages\telegram\request\_baserequest.py", line 197, in post
    result = await self._request_wrapper(
             ^^^^^^^^^^^^^^^^^^^^^^^^^^^^
  File "D:\Desktop_fake\CNR\av-anomaly-detection\av-anomaly-detection\.venv\Lib\site-packages\telegram\request\_baserequest.py", line 353, in _request_wrapper
    raise BadRequest(message)
telegram.error.BadRequest: Can't parse entities: character '.' is reserved and must be escaped with the preceding '\'
2025-10-13 20:55:54,898 - INFO - HTTP Request: POST https://api.telegram.org/bot8115605790:AAF2BAAGm48-Rt-d5U44Mw7rLD02yo2v1hY/getUpdates "HTTP/1.1 200 OK"
2025-10-13 20:55:54,898 - INFO - Daddodad (454010613,Davide) called /help
2025-10-13 20:55:54,976 - INFO - HTTP Request: POST https://api.telegram.org/bot8115605790:AAF2BAAGm48-Rt-d5U44Mw7rLD02yo2v1hY/sendMessage "HTTP/1.1 200 OK"
2025-10-13 20:55:56,291 - INFO - HTTP Request: POST https://api.telegram.org/bot8115605790:AAF2BAAGm48-Rt-d5U44Mw7rLD02yo2v1hY/getUpdates "HTTP/1.1 200 OK"
2025-10-13 20:55:56,359 - INFO - HTTP Request: POST https://api.telegram.org/bot8115605790:AAF2BAAGm48-Rt-d5U44Mw7rLD02yo2v1hY/answerCallbackQuery "HTTP/1.1 200 OK"
2025-10-13 20:55:56,397 - INFO - HTTP Request: POST https://api.telegram.org/bot8115605790:AAF2BAAGm48-Rt-d5U44Mw7rLD02yo2v1hY/editMessageText "HTTP/1.1 400 Bad Request"
2025-10-13 20:55:56,398 - ERROR - No error handlers are registered, logging exception.
Traceback (most recent call last):
  File "D:\Desktop_fake\CNR\av-anomaly-detection\av-anomaly-detection\.venv\Lib\site-packages\telegram\ext\_application.py", line 1298, in process_update
    await coroutine
  File "D:\Desktop_fake\CNR\av-anomaly-detection\av-anomaly-detection\.venv\Lib\site-packages\telegram\ext\_handlers\basehandler.py", line 158, in handle_update
    return await self.callback(update, context)
           ^^^^^^^^^^^^^^^^^^^^^^^^^^^^^^^^^^^^
  File "D:\Desktop_fake\MawileBot\home\MawileBot\src\Commands.py", line 497, in help_button_handler
    await show_command_help(update, context)
  File "D:\Desktop_fake\MawileBot\home\MawileBot\src\Commands.py", line 490, in show_command_help
    await query.edit_message_text(text=text, parse_mode='MarkdownV2', reply_markup=reply_markup)
  File "D:\Desktop_fake\CNR\av-anomaly-detection\av-anomaly-detection\.venv\Lib\site-packages\telegram\_callbackquery.py", line 265, in edit_message_text
    return await self._get_message().edit_text(
           ^^^^^^^^^^^^^^^^^^^^^^^^^^^^^^^^^^^^
  File "D:\Desktop_fake\CNR\av-anomaly-detection\av-anomaly-detection\.venv\Lib\site-packages\telegram\_message.py", line 3809, in edit_text
    return await self.get_bot().edit_message_text(
           ^^^^^^^^^^^^^^^^^^^^^^^^^^^^^^^^^^^^^^^
  File "D:\Desktop_fake\CNR\av-anomaly-detection\av-anomaly-detection\.venv\Lib\site-packages\telegram\ext\_extbot.py", line 1722, in edit_message_text
    return await super().edit_message_text(
           ^^^^^^^^^^^^^^^^^^^^^^^^^^^^^^^^
  File "D:\Desktop_fake\CNR\av-anomaly-detection\av-anomaly-detection\.venv\Lib\site-packages\telegram\_bot.py", line 4293, in edit_message_text
    return await self._send_message(
           ^^^^^^^^^^^^^^^^^^^^^^^^^
  File "D:\Desktop_fake\CNR\av-anomaly-detection\av-anomaly-detection\.venv\Lib\site-packages\telegram\ext\_extbot.py", line 629, in _send_message
    result = await super()._send_message(
             ^^^^^^^^^^^^^^^^^^^^^^^^^^^^
  File "D:\Desktop_fake\CNR\av-anomaly-detection\av-anomaly-detection\.venv\Lib\site-packages\telegram\_bot.py", line 809, in _send_message
    result = await self._post(
             ^^^^^^^^^^^^^^^^^
  File "D:\Desktop_fake\CNR\av-anomaly-detection\av-anomaly-detection\.venv\Lib\site-packages\telegram\_bot.py", line 697, in _post
    return await self._do_post(
           ^^^^^^^^^^^^^^^^^^^^
  File "D:\Desktop_fake\CNR\av-anomaly-detection\av-anomaly-detection\.venv\Lib\site-packages\telegram\ext\_extbot.py", line 369, in _do_post
    return await super()._do_post(
           ^^^^^^^^^^^^^^^^^^^^^^^
  File "D:\Desktop_fake\CNR\av-anomaly-detection\av-anomaly-detection\.venv\Lib\site-packages\telegram\_bot.py", line 726, in _do_post
    result = await request.post(
             ^^^^^^^^^^^^^^^^^^^
  File "D:\Desktop_fake\CNR\av-anomaly-detection\av-anomaly-detection\.venv\Lib\site-packages\telegram\request\_baserequest.py", line 197, in post
    result = await self._request_wrapper(
             ^^^^^^^^^^^^^^^^^^^^^^^^^^^^
  File "D:\Desktop_fake\CNR\av-anomaly-detection\av-anomaly-detection\.venv\Lib\site-packages\telegram\request\_baserequest.py", line 353, in _request_wrapper
    raise BadRequest(message)
telegram.error.BadRequest: Can't parse entities: character '.' is reserved and must be escaped with the preceding '\'
2025-10-13 20:56:06,340 - INFO - HTTP Request: POST https://api.telegram.org/bot8115605790:AAF2BAAGm48-Rt-d5U44Mw7rLD02yo2v1hY/getUpdates "HTTP/1.1 200 OK"
2025-10-13 20:56:12,741 - INFO - HTTP Request: POST https://api.telegram.org/bot8115605790:AAF2BAAGm48-Rt-d5U44Mw7rLD02yo2v1hY/getUpdates "HTTP/1.1 200 OK"
2025-10-13 20:56:12,884 - INFO - HTTP Request: POST https://api.telegram.org/bot8115605790:AAF2BAAGm48-Rt-d5U44Mw7rLD02yo2v1hY/answerCallbackQuery "HTTP/1.1 200 OK"
2025-10-13 20:56:12,922 - INFO - HTTP Request: POST https://api.telegram.org/bot8115605790:AAF2BAAGm48-Rt-d5U44Mw7rLD02yo2v1hY/editMessageText "HTTP/1.1 400 Bad Request"
2025-10-13 20:56:12,922 - ERROR - No error handlers are registered, logging exception.
Traceback (most recent call last):
  File "D:\Desktop_fake\CNR\av-anomaly-detection\av-anomaly-detection\.venv\Lib\site-packages\telegram\ext\_application.py", line 1298, in process_update
    await coroutine
  File "D:\Desktop_fake\CNR\av-anomaly-detection\av-anomaly-detection\.venv\Lib\site-packages\telegram\ext\_handlers\basehandler.py", line 158, in handle_update
    return await self.callback(update, context)
           ^^^^^^^^^^^^^^^^^^^^^^^^^^^^^^^^^^^^
  File "D:\Desktop_fake\MawileBot\home\MawileBot\src\Commands.py", line 497, in help_button_handler
    await show_command_help(update, context)
  File "D:\Desktop_fake\MawileBot\home\MawileBot\src\Commands.py", line 490, in show_command_help
    await query.edit_message_text(text=text, parse_mode='MarkdownV2', reply_markup=reply_markup)
  File "D:\Desktop_fake\CNR\av-anomaly-detection\av-anomaly-detection\.venv\Lib\site-packages\telegram\_callbackquery.py", line 265, in edit_message_text
    return await self._get_message().edit_text(
           ^^^^^^^^^^^^^^^^^^^^^^^^^^^^^^^^^^^^
  File "D:\Desktop_fake\CNR\av-anomaly-detection\av-anomaly-detection\.venv\Lib\site-packages\telegram\_message.py", line 3809, in edit_text
    return await self.get_bot().edit_message_text(
           ^^^^^^^^^^^^^^^^^^^^^^^^^^^^^^^^^^^^^^^
  File "D:\Desktop_fake\CNR\av-anomaly-detection\av-anomaly-detection\.venv\Lib\site-packages\telegram\ext\_extbot.py", line 1722, in edit_message_text
    return await super().edit_message_text(
           ^^^^^^^^^^^^^^^^^^^^^^^^^^^^^^^^
  File "D:\Desktop_fake\CNR\av-anomaly-detection\av-anomaly-detection\.venv\Lib\site-packages\telegram\_bot.py", line 4293, in edit_message_text
    return await self._send_message(
           ^^^^^^^^^^^^^^^^^^^^^^^^^
  File "D:\Desktop_fake\CNR\av-anomaly-detection\av-anomaly-detection\.venv\Lib\site-packages\telegram\ext\_extbot.py", line 629, in _send_message
    result = await super()._send_message(
             ^^^^^^^^^^^^^^^^^^^^^^^^^^^^
  File "D:\Desktop_fake\CNR\av-anomaly-detection\av-anomaly-detection\.venv\Lib\site-packages\telegram\_bot.py", line 809, in _send_message
    result = await self._post(
             ^^^^^^^^^^^^^^^^^
  File "D:\Desktop_fake\CNR\av-anomaly-detection\av-anomaly-detection\.venv\Lib\site-packages\telegram\_bot.py", line 697, in _post
    return await self._do_post(
           ^^^^^^^^^^^^^^^^^^^^
  File "D:\Desktop_fake\CNR\av-anomaly-detection\av-anomaly-detection\.venv\Lib\site-packages\telegram\ext\_extbot.py", line 369, in _do_post
    return await super()._do_post(
           ^^^^^^^^^^^^^^^^^^^^^^^
  File "D:\Desktop_fake\CNR\av-anomaly-detection\av-anomaly-detection\.venv\Lib\site-packages\telegram\_bot.py", line 726, in _do_post
    result = await request.post(
             ^^^^^^^^^^^^^^^^^^^
  File "D:\Desktop_fake\CNR\av-anomaly-detection\av-anomaly-detection\.venv\Lib\site-packages\telegram\request\_baserequest.py", line 197, in post
    result = await self._request_wrapper(
             ^^^^^^^^^^^^^^^^^^^^^^^^^^^^
  File "D:\Desktop_fake\CNR\av-anomaly-detection\av-anomaly-detection\.venv\Lib\site-packages\telegram\request\_baserequest.py", line 353, in _request_wrapper
    raise BadRequest(message)
telegram.error.BadRequest: Can't parse entities: character '.' is reserved and must be escaped with the preceding '\'
2025-10-13 20:56:13,967 - INFO - HTTP Request: POST https://api.telegram.org/bot8115605790:AAF2BAAGm48-Rt-d5U44Mw7rLD02yo2v1hY/getUpdates "HTTP/1.1 200 OK"
2025-10-13 20:56:14,061 - INFO - HTTP Request: POST https://api.telegram.org/bot8115605790:AAF2BAAGm48-Rt-d5U44Mw7rLD02yo2v1hY/answerCallbackQuery "HTTP/1.1 200 OK"
2025-10-13 20:56:14,161 - INFO - HTTP Request: POST https://api.telegram.org/bot8115605790:AAF2BAAGm48-Rt-d5U44Mw7rLD02yo2v1hY/editMessageText "HTTP/1.1 200 OK"
2025-10-13 20:56:15,029 - INFO - HTTP Request: POST https://api.telegram.org/bot8115605790:AAF2BAAGm48-Rt-d5U44Mw7rLD02yo2v1hY/getUpdates "HTTP/1.1 200 OK"
2025-10-13 20:56:15,062 - INFO - HTTP Request: POST https://api.telegram.org/bot8115605790:AAF2BAAGm48-Rt-d5U44Mw7rLD02yo2v1hY/answerCallbackQuery "HTTP/1.1 200 OK"
2025-10-13 20:56:15,139 - INFO - HTTP Request: POST https://api.telegram.org/bot8115605790:AAF2BAAGm48-Rt-d5U44Mw7rLD02yo2v1hY/editMessageText "HTTP/1.1 200 OK"
2025-10-13 20:56:16,252 - INFO - HTTP Request: POST https://api.telegram.org/bot8115605790:AAF2BAAGm48-Rt-d5U44Mw7rLD02yo2v1hY/getUpdates "HTTP/1.1 200 OK"
2025-10-13 20:56:16,376 - INFO - HTTP Request: POST https://api.telegram.org/bot8115605790:AAF2BAAGm48-Rt-d5U44Mw7rLD02yo2v1hY/answerCallbackQuery "HTTP/1.1 200 OK"
2025-10-13 20:56:16,420 - INFO - HTTP Request: POST https://api.telegram.org/bot8115605790:AAF2BAAGm48-Rt-d5U44Mw7rLD02yo2v1hY/editMessageText "HTTP/1.1 400 Bad Request"
2025-10-13 20:56:16,420 - ERROR - No error handlers are registered, logging exception.
Traceback (most recent call last):
  File "D:\Desktop_fake\CNR\av-anomaly-detection\av-anomaly-detection\.venv\Lib\site-packages\telegram\ext\_application.py", line 1298, in process_update
    await coroutine
  File "D:\Desktop_fake\CNR\av-anomaly-detection\av-anomaly-detection\.venv\Lib\site-packages\telegram\ext\_handlers\basehandler.py", line 158, in handle_update
    return await self.callback(update, context)
           ^^^^^^^^^^^^^^^^^^^^^^^^^^^^^^^^^^^^
  File "D:\Desktop_fake\MawileBot\home\MawileBot\src\Commands.py", line 497, in help_button_handler
    await show_command_help(update, context)
  File "D:\Desktop_fake\MawileBot\home\MawileBot\src\Commands.py", line 490, in show_command_help
    await query.edit_message_text(text=text, parse_mode='MarkdownV2', reply_markup=reply_markup)
  File "D:\Desktop_fake\CNR\av-anomaly-detection\av-anomaly-detection\.venv\Lib\site-packages\telegram\_callbackquery.py", line 265, in edit_message_text
    return await self._get_message().edit_text(
           ^^^^^^^^^^^^^^^^^^^^^^^^^^^^^^^^^^^^
  File "D:\Desktop_fake\CNR\av-anomaly-detection\av-anomaly-detection\.venv\Lib\site-packages\telegram\_message.py", line 3809, in edit_text
    return await self.get_bot().edit_message_text(
           ^^^^^^^^^^^^^^^^^^^^^^^^^^^^^^^^^^^^^^^
  File "D:\Desktop_fake\CNR\av-anomaly-detection\av-anomaly-detection\.venv\Lib\site-packages\telegram\ext\_extbot.py", line 1722, in edit_message_text
    return await super().edit_message_text(
           ^^^^^^^^^^^^^^^^^^^^^^^^^^^^^^^^
  File "D:\Desktop_fake\CNR\av-anomaly-detection\av-anomaly-detection\.venv\Lib\site-packages\telegram\_bot.py", line 4293, in edit_message_text
    return await self._send_message(
           ^^^^^^^^^^^^^^^^^^^^^^^^^
  File "D:\Desktop_fake\CNR\av-anomaly-detection\av-anomaly-detection\.venv\Lib\site-packages\telegram\ext\_extbot.py", line 629, in _send_message
    result = await super()._send_message(
             ^^^^^^^^^^^^^^^^^^^^^^^^^^^^
  File "D:\Desktop_fake\CNR\av-anomaly-detection\av-anomaly-detection\.venv\Lib\site-packages\telegram\_bot.py", line 809, in _send_message
    result = await self._post(
             ^^^^^^^^^^^^^^^^^
  File "D:\Desktop_fake\CNR\av-anomaly-detection\av-anomaly-detection\.venv\Lib\site-packages\telegram\_bot.py", line 697, in _post
    return await self._do_post(
           ^^^^^^^^^^^^^^^^^^^^
  File "D:\Desktop_fake\CNR\av-anomaly-detection\av-anomaly-detection\.venv\Lib\site-packages\telegram\ext\_extbot.py", line 369, in _do_post
    return await super()._do_post(
           ^^^^^^^^^^^^^^^^^^^^^^^
  File "D:\Desktop_fake\CNR\av-anomaly-detection\av-anomaly-detection\.venv\Lib\site-packages\telegram\_bot.py", line 726, in _do_post
    result = await request.post(
             ^^^^^^^^^^^^^^^^^^^
  File "D:\Desktop_fake\CNR\av-anomaly-detection\av-anomaly-detection\.venv\Lib\site-packages\telegram\request\_baserequest.py", line 197, in post
    result = await self._request_wrapper(
             ^^^^^^^^^^^^^^^^^^^^^^^^^^^^
  File "D:\Desktop_fake\CNR\av-anomaly-detection\av-anomaly-detection\.venv\Lib\site-packages\telegram\request\_baserequest.py", line 353, in _request_wrapper
    raise BadRequest(message)
telegram.error.BadRequest: Can't parse entities: character '.' is reserved and must be escaped with the preceding '\'
2025-10-13 20:56:17,218 - INFO - HTTP Request: POST https://api.telegram.org/bot8115605790:AAF2BAAGm48-Rt-d5U44Mw7rLD02yo2v1hY/getUpdates "HTTP/1.1 200 OK"
2025-10-13 20:56:17,370 - INFO - HTTP Request: POST https://api.telegram.org/bot8115605790:AAF2BAAGm48-Rt-d5U44Mw7rLD02yo2v1hY/answerCallbackQuery "HTTP/1.1 200 OK"
2025-10-13 20:56:17,404 - INFO - HTTP Request: POST https://api.telegram.org/bot8115605790:AAF2BAAGm48-Rt-d5U44Mw7rLD02yo2v1hY/editMessageText "HTTP/1.1 400 Bad Request"
2025-10-13 20:56:17,404 - ERROR - No error handlers are registered, logging exception.
Traceback (most recent call last):
  File "D:\Desktop_fake\CNR\av-anomaly-detection\av-anomaly-detection\.venv\Lib\site-packages\telegram\ext\_application.py", line 1298, in process_update
    await coroutine
  File "D:\Desktop_fake\CNR\av-anomaly-detection\av-anomaly-detection\.venv\Lib\site-packages\telegram\ext\_handlers\basehandler.py", line 158, in handle_update
    return await self.callback(update, context)
           ^^^^^^^^^^^^^^^^^^^^^^^^^^^^^^^^^^^^
  File "D:\Desktop_fake\MawileBot\home\MawileBot\src\Commands.py", line 497, in help_button_handler
    await show_command_help(update, context)
  File "D:\Desktop_fake\MawileBot\home\MawileBot\src\Commands.py", line 490, in show_command_help
    await query.edit_message_text(text=text, parse_mode='MarkdownV2', reply_markup=reply_markup)
  File "D:\Desktop_fake\CNR\av-anomaly-detection\av-anomaly-detection\.venv\Lib\site-packages\telegram\_callbackquery.py", line 265, in edit_message_text
    return await self._get_message().edit_text(
           ^^^^^^^^^^^^^^^^^^^^^^^^^^^^^^^^^^^^
  File "D:\Desktop_fake\CNR\av-anomaly-detection\av-anomaly-detection\.venv\Lib\site-packages\telegram\_message.py", line 3809, in edit_text
    return await self.get_bot().edit_message_text(
           ^^^^^^^^^^^^^^^^^^^^^^^^^^^^^^^^^^^^^^^
  File "D:\Desktop_fake\CNR\av-anomaly-detection\av-anomaly-detection\.venv\Lib\site-packages\telegram\ext\_extbot.py", line 1722, in edit_message_text
    return await super().edit_message_text(
           ^^^^^^^^^^^^^^^^^^^^^^^^^^^^^^^^
  File "D:\Desktop_fake\CNR\av-anomaly-detection\av-anomaly-detection\.venv\Lib\site-packages\telegram\_bot.py", line 4293, in edit_message_text
    return await self._send_message(
           ^^^^^^^^^^^^^^^^^^^^^^^^^
  File "D:\Desktop_fake\CNR\av-anomaly-detection\av-anomaly-detection\.venv\Lib\site-packages\telegram\ext\_extbot.py", line 629, in _send_message
    result = await super()._send_message(
             ^^^^^^^^^^^^^^^^^^^^^^^^^^^^
  File "D:\Desktop_fake\CNR\av-anomaly-detection\av-anomaly-detection\.venv\Lib\site-packages\telegram\_bot.py", line 809, in _send_message
    result = await self._post(
             ^^^^^^^^^^^^^^^^^
  File "D:\Desktop_fake\CNR\av-anomaly-detection\av-anomaly-detection\.venv\Lib\site-packages\telegram\_bot.py", line 697, in _post
    return await self._do_post(
           ^^^^^^^^^^^^^^^^^^^^
  File "D:\Desktop_fake\CNR\av-anomaly-detection\av-anomaly-detection\.venv\Lib\site-packages\telegram\ext\_extbot.py", line 369, in _do_post
    return await super()._do_post(
           ^^^^^^^^^^^^^^^^^^^^^^^
  File "D:\Desktop_fake\CNR\av-anomaly-detection\av-anomaly-detection\.venv\Lib\site-packages\telegram\_bot.py", line 726, in _do_post
    result = await request.post(
             ^^^^^^^^^^^^^^^^^^^
  File "D:\Desktop_fake\CNR\av-anomaly-detection\av-anomaly-detection\.venv\Lib\site-packages\telegram\request\_baserequest.py", line 197, in post
    result = await self._request_wrapper(
             ^^^^^^^^^^^^^^^^^^^^^^^^^^^^
  File "D:\Desktop_fake\CNR\av-anomaly-detection\av-anomaly-detection\.venv\Lib\site-packages\telegram\request\_baserequest.py", line 353, in _request_wrapper
    raise BadRequest(message)
telegram.error.BadRequest: Can't parse entities: character '.' is reserved and must be escaped with the preceding '\'
2025-10-13 20:56:20,203 - INFO - HTTP Request: POST https://api.telegram.org/bot8115605790:AAF2BAAGm48-Rt-d5U44Mw7rLD02yo2v1hY/getUpdates "HTTP/1.1 200 OK"
2025-10-13 20:56:20,249 - INFO - HTTP Request: POST https://api.telegram.org/bot8115605790:AAF2BAAGm48-Rt-d5U44Mw7rLD02yo2v1hY/answerCallbackQuery "HTTP/1.1 200 OK"
2025-10-13 20:56:20,313 - INFO - HTTP Request: POST https://api.telegram.org/bot8115605790:AAF2BAAGm48-Rt-d5U44Mw7rLD02yo2v1hY/editMessageText "HTTP/1.1 200 OK"
2025-10-13 20:56:21,144 - INFO - HTTP Request: POST https://api.telegram.org/bot8115605790:AAF2BAAGm48-Rt-d5U44Mw7rLD02yo2v1hY/getUpdates "HTTP/1.1 200 OK"
2025-10-13 20:56:21,190 - INFO - HTTP Request: POST https://api.telegram.org/bot8115605790:AAF2BAAGm48-Rt-d5U44Mw7rLD02yo2v1hY/answerCallbackQuery "HTTP/1.1 200 OK"
2025-10-13 20:56:21,217 - INFO - HTTP Request: POST https://api.telegram.org/bot8115605790:AAF2BAAGm48-Rt-d5U44Mw7rLD02yo2v1hY/editMessageText "HTTP/1.1 400 Bad Request"
2025-10-13 20:56:21,217 - ERROR - No error handlers are registered, logging exception.
Traceback (most recent call last):
  File "D:\Desktop_fake\CNR\av-anomaly-detection\av-anomaly-detection\.venv\Lib\site-packages\telegram\ext\_application.py", line 1298, in process_update
    await coroutine
  File "D:\Desktop_fake\CNR\av-anomaly-detection\av-anomaly-detection\.venv\Lib\site-packages\telegram\ext\_handlers\basehandler.py", line 158, in handle_update
    return await self.callback(update, context)
           ^^^^^^^^^^^^^^^^^^^^^^^^^^^^^^^^^^^^
  File "D:\Desktop_fake\MawileBot\home\MawileBot\src\Commands.py", line 497, in help_button_handler
    await show_command_help(update, context)
  File "D:\Desktop_fake\MawileBot\home\MawileBot\src\Commands.py", line 490, in show_command_help
    await query.edit_message_text(text=text, parse_mode='MarkdownV2', reply_markup=reply_markup)
  File "D:\Desktop_fake\CNR\av-anomaly-detection\av-anomaly-detection\.venv\Lib\site-packages\telegram\_callbackquery.py", line 265, in edit_message_text
    return await self._get_message().edit_text(
           ^^^^^^^^^^^^^^^^^^^^^^^^^^^^^^^^^^^^
  File "D:\Desktop_fake\CNR\av-anomaly-detection\av-anomaly-detection\.venv\Lib\site-packages\telegram\_message.py", line 3809, in edit_text
    return await self.get_bot().edit_message_text(
           ^^^^^^^^^^^^^^^^^^^^^^^^^^^^^^^^^^^^^^^
  File "D:\Desktop_fake\CNR\av-anomaly-detection\av-anomaly-detection\.venv\Lib\site-packages\telegram\ext\_extbot.py", line 1722, in edit_message_text
    return await super().edit_message_text(
           ^^^^^^^^^^^^^^^^^^^^^^^^^^^^^^^^
  File "D:\Desktop_fake\CNR\av-anomaly-detection\av-anomaly-detection\.venv\Lib\site-packages\telegram\_bot.py", line 4293, in edit_message_text
    return await self._send_message(
           ^^^^^^^^^^^^^^^^^^^^^^^^^
  File "D:\Desktop_fake\CNR\av-anomaly-detection\av-anomaly-detection\.venv\Lib\site-packages\telegram\ext\_extbot.py", line 629, in _send_message
    result = await super()._send_message(
             ^^^^^^^^^^^^^^^^^^^^^^^^^^^^
  File "D:\Desktop_fake\CNR\av-anomaly-detection\av-anomaly-detection\.venv\Lib\site-packages\telegram\_bot.py", line 809, in _send_message
    result = await self._post(
             ^^^^^^^^^^^^^^^^^
  File "D:\Desktop_fake\CNR\av-anomaly-detection\av-anomaly-detection\.venv\Lib\site-packages\telegram\_bot.py", line 697, in _post
    return await self._do_post(
           ^^^^^^^^^^^^^^^^^^^^
  File "D:\Desktop_fake\CNR\av-anomaly-detection\av-anomaly-detection\.venv\Lib\site-packages\telegram\ext\_extbot.py", line 369, in _do_post
    return await super()._do_post(
           ^^^^^^^^^^^^^^^^^^^^^^^
  File "D:\Desktop_fake\CNR\av-anomaly-detection\av-anomaly-detection\.venv\Lib\site-packages\telegram\_bot.py", line 726, in _do_post
    result = await request.post(
             ^^^^^^^^^^^^^^^^^^^
  File "D:\Desktop_fake\CNR\av-anomaly-detection\av-anomaly-detection\.venv\Lib\site-packages\telegram\request\_baserequest.py", line 197, in post
    result = await self._request_wrapper(
             ^^^^^^^^^^^^^^^^^^^^^^^^^^^^
  File "D:\Desktop_fake\CNR\av-anomaly-detection\av-anomaly-detection\.venv\Lib\site-packages\telegram\request\_baserequest.py", line 353, in _request_wrapper
    raise BadRequest(message)
telegram.error.BadRequest: Can't parse entities: character '.' is reserved and must be escaped with the preceding '\'
2025-10-13 20:56:31,189 - INFO - HTTP Request: POST https://api.telegram.org/bot8115605790:AAF2BAAGm48-Rt-d5U44Mw7rLD02yo2v1hY/getUpdates "HTTP/1.1 200 OK"
2025-10-13 20:56:41,234 - INFO - HTTP Request: POST https://api.telegram.org/bot8115605790:AAF2BAAGm48-Rt-d5U44Mw7rLD02yo2v1hY/getUpdates "HTTP/1.1 200 OK"
2025-10-13 20:56:51,272 - INFO - HTTP Request: POST https://api.telegram.org/bot8115605790:AAF2BAAGm48-Rt-d5U44Mw7rLD02yo2v1hY/getUpdates "HTTP/1.1 200 OK"
2025-10-13 20:57:01,304 - INFO - HTTP Request: POST https://api.telegram.org/bot8115605790:AAF2BAAGm48-Rt-d5U44Mw7rLD02yo2v1hY/getUpdates "HTTP/1.1 200 OK"
2025-10-13 20:57:11,352 - INFO - HTTP Request: POST https://api.telegram.org/bot8115605790:AAF2BAAGm48-Rt-d5U44Mw7rLD02yo2v1hY/getUpdates "HTTP/1.1 200 OK"
2025-10-13 20:57:21,396 - INFO - HTTP Request: POST https://api.telegram.org/bot8115605790:AAF2BAAGm48-Rt-d5U44Mw7rLD02yo2v1hY/getUpdates "HTTP/1.1 200 OK"
2025-10-13 20:57:31,431 - INFO - HTTP Request: POST https://api.telegram.org/bot8115605790:AAF2BAAGm48-Rt-d5U44Mw7rLD02yo2v1hY/getUpdates "HTTP/1.1 200 OK"
2025-10-13 20:57:41,480 - INFO - HTTP Request: POST https://api.telegram.org/bot8115605790:AAF2BAAGm48-Rt-d5U44Mw7rLD02yo2v1hY/getUpdates "HTTP/1.1 200 OK"
2025-10-13 20:57:51,511 - INFO - HTTP Request: POST https://api.telegram.org/bot8115605790:AAF2BAAGm48-Rt-d5U44Mw7rLD02yo2v1hY/getUpdates "HTTP/1.1 200 OK"
2025-10-13 20:58:01,559 - INFO - HTTP Request: POST https://api.telegram.org/bot8115605790:AAF2BAAGm48-Rt-d5U44Mw7rLD02yo2v1hY/getUpdates "HTTP/1.1 200 OK"
2025-10-13 20:58:11,594 - INFO - HTTP Request: POST https://api.telegram.org/bot8115605790:AAF2BAAGm48-Rt-d5U44Mw7rLD02yo2v1hY/getUpdates "HTTP/1.1 200 OK"
2025-10-13 20:58:21,651 - INFO - HTTP Request: POST https://api.telegram.org/bot8115605790:AAF2BAAGm48-Rt-d5U44Mw7rLD02yo2v1hY/getUpdates "HTTP/1.1 200 OK"
2025-10-13 20:58:31,689 - INFO - HTTP Request: POST https://api.telegram.org/bot8115605790:AAF2BAAGm48-Rt-d5U44Mw7rLD02yo2v1hY/getUpdates "HTTP/1.1 200 OK"
2025-10-13 20:58:41,737 - INFO - HTTP Request: POST https://api.telegram.org/bot8115605790:AAF2BAAGm48-Rt-d5U44Mw7rLD02yo2v1hY/getUpdates "HTTP/1.1 200 OK"
2025-10-13 20:58:51,778 - INFO - HTTP Request: POST https://api.telegram.org/bot8115605790:AAF2BAAGm48-Rt-d5U44Mw7rLD02yo2v1hY/getUpdates "HTTP/1.1 200 OK"
2025-10-13 20:59:01,818 - INFO - HTTP Request: POST https://api.telegram.org/bot8115605790:AAF2BAAGm48-Rt-d5U44Mw7rLD02yo2v1hY/getUpdates "HTTP/1.1 200 OK"
2025-10-13 20:59:11,860 - INFO - HTTP Request: POST https://api.telegram.org/bot8115605790:AAF2BAAGm48-Rt-d5U44Mw7rLD02yo2v1hY/getUpdates "HTTP/1.1 200 OK"
2025-10-13 20:59:21,908 - INFO - HTTP Request: POST https://api.telegram.org/bot8115605790:AAF2BAAGm48-Rt-d5U44Mw7rLD02yo2v1hY/getUpdates "HTTP/1.1 200 OK"
2025-10-13 20:59:31,942 - INFO - HTTP Request: POST https://api.telegram.org/bot8115605790:AAF2BAAGm48-Rt-d5U44Mw7rLD02yo2v1hY/getUpdates "HTTP/1.1 200 OK"
2025-10-13 20:59:41,989 - INFO - HTTP Request: POST https://api.telegram.org/bot8115605790:AAF2BAAGm48-Rt-d5U44Mw7rLD02yo2v1hY/getUpdates "HTTP/1.1 200 OK"
2025-10-13 20:59:52,041 - INFO - HTTP Request: POST https://api.telegram.org/bot8115605790:AAF2BAAGm48-Rt-d5U44Mw7rLD02yo2v1hY/getUpdates "HTTP/1.1 200 OK"
2025-10-13 21:00:02,081 - INFO - HTTP Request: POST https://api.telegram.org/bot8115605790:AAF2BAAGm48-Rt-d5U44Mw7rLD02yo2v1hY/getUpdates "HTTP/1.1 200 OK"
2025-10-13 21:00:12,115 - INFO - HTTP Request: POST https://api.telegram.org/bot8115605790:AAF2BAAGm48-Rt-d5U44Mw7rLD02yo2v1hY/getUpdates "HTTP/1.1 200 OK"
2025-10-13 21:00:22,185 - INFO - HTTP Request: POST https://api.telegram.org/bot8115605790:AAF2BAAGm48-Rt-d5U44Mw7rLD02yo2v1hY/getUpdates "HTTP/1.1 200 OK"
2025-10-13 21:00:32,218 - INFO - HTTP Request: POST https://api.telegram.org/bot8115605790:AAF2BAAGm48-Rt-d5U44Mw7rLD02yo2v1hY/getUpdates "HTTP/1.1 200 OK"
2025-10-13 21:00:42,269 - INFO - HTTP Request: POST https://api.telegram.org/bot8115605790:AAF2BAAGm48-Rt-d5U44Mw7rLD02yo2v1hY/getUpdates "HTTP/1.1 200 OK"
2025-10-13 21:00:52,309 - INFO - HTTP Request: POST https://api.telegram.org/bot8115605790:AAF2BAAGm48-Rt-d5U44Mw7rLD02yo2v1hY/getUpdates "HTTP/1.1 200 OK"
2025-10-13 21:01:02,338 - INFO - HTTP Request: POST https://api.telegram.org/bot8115605790:AAF2BAAGm48-Rt-d5U44Mw7rLD02yo2v1hY/getUpdates "HTTP/1.1 200 OK"
2025-10-13 21:01:12,386 - INFO - HTTP Request: POST https://api.telegram.org/bot8115605790:AAF2BAAGm48-Rt-d5U44Mw7rLD02yo2v1hY/getUpdates "HTTP/1.1 200 OK"
2025-10-13 21:01:22,434 - INFO - HTTP Request: POST https://api.telegram.org/bot8115605790:AAF2BAAGm48-Rt-d5U44Mw7rLD02yo2v1hY/getUpdates "HTTP/1.1 200 OK"
2025-10-13 21:01:32,463 - INFO - HTTP Request: POST https://api.telegram.org/bot8115605790:AAF2BAAGm48-Rt-d5U44Mw7rLD02yo2v1hY/getUpdates "HTTP/1.1 200 OK"
2025-10-13 21:01:42,511 - INFO - HTTP Request: POST https://api.telegram.org/bot8115605790:AAF2BAAGm48-Rt-d5U44Mw7rLD02yo2v1hY/getUpdates "HTTP/1.1 200 OK"
2025-10-13 21:01:52,561 - INFO - HTTP Request: POST https://api.telegram.org/bot8115605790:AAF2BAAGm48-Rt-d5U44Mw7rLD02yo2v1hY/getUpdates "HTTP/1.1 200 OK"
2025-10-13 21:02:02,593 - INFO - HTTP Request: POST https://api.telegram.org/bot8115605790:AAF2BAAGm48-Rt-d5U44Mw7rLD02yo2v1hY/getUpdates "HTTP/1.1 200 OK"
2025-10-13 21:02:12,633 - INFO - HTTP Request: POST https://api.telegram.org/bot8115605790:AAF2BAAGm48-Rt-d5U44Mw7rLD02yo2v1hY/getUpdates "HTTP/1.1 200 OK"
2025-10-13 21:02:22,671 - INFO - HTTP Request: POST https://api.telegram.org/bot8115605790:AAF2BAAGm48-Rt-d5U44Mw7rLD02yo2v1hY/getUpdates "HTTP/1.1 200 OK"
2025-10-13 21:02:32,716 - INFO - HTTP Request: POST https://api.telegram.org/bot8115605790:AAF2BAAGm48-Rt-d5U44Mw7rLD02yo2v1hY/getUpdates "HTTP/1.1 200 OK"
2025-10-13 21:02:42,763 - INFO - HTTP Request: POST https://api.telegram.org/bot8115605790:AAF2BAAGm48-Rt-d5U44Mw7rLD02yo2v1hY/getUpdates "HTTP/1.1 200 OK"
2025-10-13 21:02:52,804 - INFO - HTTP Request: POST https://api.telegram.org/bot8115605790:AAF2BAAGm48-Rt-d5U44Mw7rLD02yo2v1hY/getUpdates "HTTP/1.1 200 OK"
2025-10-13 21:02:56,792 - INFO - HTTP Request: POST https://api.telegram.org/bot8115605790:AAF2BAAGm48-Rt-d5U44Mw7rLD02yo2v1hY/getUpdates "HTTP/1.1 200 OK"
2025-10-13 21:03:03,994 - INFO - HTTP Request: POST https://api.telegram.org/bot8115605790:AAF2BAAGm48-Rt-d5U44Mw7rLD02yo2v1hY/getMe "HTTP/1.1 200 OK"
2025-10-13 21:03:04,052 - INFO - HTTP Request: POST https://api.telegram.org/bot8115605790:AAF2BAAGm48-Rt-d5U44Mw7rLD02yo2v1hY/setMyCommands "HTTP/1.1 200 OK"
2025-10-13 21:03:04,078 - INFO - HTTP Request: POST https://api.telegram.org/bot8115605790:AAF2BAAGm48-Rt-d5U44Mw7rLD02yo2v1hY/deleteWebhook "HTTP/1.1 200 OK"
2025-10-13 21:03:04,248 - INFO - HTTP Request: POST https://api.telegram.org/bot8115605790:AAF2BAAGm48-Rt-d5U44Mw7rLD02yo2v1hY/getUpdates "HTTP/1.1 200 OK"
2025-10-13 21:03:04,248 - INFO - Daddodad (454010613,Davide) called /help
2025-10-13 21:03:04,329 - INFO - HTTP Request: POST https://api.telegram.org/bot8115605790:AAF2BAAGm48-Rt-d5U44Mw7rLD02yo2v1hY/sendMessage "HTTP/1.1 200 OK"
2025-10-13 21:03:06,061 - INFO - HTTP Request: POST https://api.telegram.org/bot8115605790:AAF2BAAGm48-Rt-d5U44Mw7rLD02yo2v1hY/getUpdates "HTTP/1.1 200 OK"
2025-10-13 21:03:06,112 - INFO - HTTP Request: POST https://api.telegram.org/bot8115605790:AAF2BAAGm48-Rt-d5U44Mw7rLD02yo2v1hY/answerCallbackQuery "HTTP/1.1 200 OK"
2025-10-13 21:03:06,161 - INFO - HTTP Request: POST https://api.telegram.org/bot8115605790:AAF2BAAGm48-Rt-d5U44Mw7rLD02yo2v1hY/editMessageText "HTTP/1.1 400 Bad Request"
2025-10-13 21:03:06,161 - ERROR - No error handlers are registered, logging exception.
Traceback (most recent call last):
  File "D:\Desktop_fake\CNR\av-anomaly-detection\av-anomaly-detection\.venv\Lib\site-packages\telegram\ext\_application.py", line 1298, in process_update
    await coroutine
  File "D:\Desktop_fake\CNR\av-anomaly-detection\av-anomaly-detection\.venv\Lib\site-packages\telegram\ext\_handlers\basehandler.py", line 158, in handle_update
    return await self.callback(update, context)
           ^^^^^^^^^^^^^^^^^^^^^^^^^^^^^^^^^^^^
  File "D:\Desktop_fake\MawileBot\home\MawileBot\src\Commands.py", line 497, in help_button_handler
    await show_command_help(update, context)
  File "D:\Desktop_fake\MawileBot\home\MawileBot\src\Commands.py", line 490, in show_command_help
    await query.edit_message_text(text=text, parse_mode='MarkdownV2', reply_markup=reply_markup)
  File "D:\Desktop_fake\CNR\av-anomaly-detection\av-anomaly-detection\.venv\Lib\site-packages\telegram\_callbackquery.py", line 265, in edit_message_text
    return await self._get_message().edit_text(
           ^^^^^^^^^^^^^^^^^^^^^^^^^^^^^^^^^^^^
  File "D:\Desktop_fake\CNR\av-anomaly-detection\av-anomaly-detection\.venv\Lib\site-packages\telegram\_message.py", line 3809, in edit_text
    return await self.get_bot().edit_message_text(
           ^^^^^^^^^^^^^^^^^^^^^^^^^^^^^^^^^^^^^^^
  File "D:\Desktop_fake\CNR\av-anomaly-detection\av-anomaly-detection\.venv\Lib\site-packages\telegram\ext\_extbot.py", line 1722, in edit_message_text
    return await super().edit_message_text(
           ^^^^^^^^^^^^^^^^^^^^^^^^^^^^^^^^
  File "D:\Desktop_fake\CNR\av-anomaly-detection\av-anomaly-detection\.venv\Lib\site-packages\telegram\_bot.py", line 4293, in edit_message_text
    return await self._send_message(
           ^^^^^^^^^^^^^^^^^^^^^^^^^
  File "D:\Desktop_fake\CNR\av-anomaly-detection\av-anomaly-detection\.venv\Lib\site-packages\telegram\ext\_extbot.py", line 629, in _send_message
    result = await super()._send_message(
             ^^^^^^^^^^^^^^^^^^^^^^^^^^^^
  File "D:\Desktop_fake\CNR\av-anomaly-detection\av-anomaly-detection\.venv\Lib\site-packages\telegram\_bot.py", line 809, in _send_message
    result = await self._post(
             ^^^^^^^^^^^^^^^^^
  File "D:\Desktop_fake\CNR\av-anomaly-detection\av-anomaly-detection\.venv\Lib\site-packages\telegram\_bot.py", line 697, in _post
    return await self._do_post(
           ^^^^^^^^^^^^^^^^^^^^
  File "D:\Desktop_fake\CNR\av-anomaly-detection\av-anomaly-detection\.venv\Lib\site-packages\telegram\ext\_extbot.py", line 369, in _do_post
    return await super()._do_post(
           ^^^^^^^^^^^^^^^^^^^^^^^
  File "D:\Desktop_fake\CNR\av-anomaly-detection\av-anomaly-detection\.venv\Lib\site-packages\telegram\_bot.py", line 726, in _do_post
    result = await request.post(
             ^^^^^^^^^^^^^^^^^^^
  File "D:\Desktop_fake\CNR\av-anomaly-detection\av-anomaly-detection\.venv\Lib\site-packages\telegram\request\_baserequest.py", line 197, in post
    result = await self._request_wrapper(
             ^^^^^^^^^^^^^^^^^^^^^^^^^^^^
  File "D:\Desktop_fake\CNR\av-anomaly-detection\av-anomaly-detection\.venv\Lib\site-packages\telegram\request\_baserequest.py", line 353, in _request_wrapper
    raise BadRequest(message)
telegram.error.BadRequest: Can't parse entities: character '.' is reserved and must be escaped with the preceding '\'
2025-10-13 21:03:08,027 - INFO - HTTP Request: POST https://api.telegram.org/bot8115605790:AAF2BAAGm48-Rt-d5U44Mw7rLD02yo2v1hY/getUpdates "HTTP/1.1 200 OK"
2025-10-13 21:03:08,138 - INFO - HTTP Request: POST https://api.telegram.org/bot8115605790:AAF2BAAGm48-Rt-d5U44Mw7rLD02yo2v1hY/answerCallbackQuery "HTTP/1.1 200 OK"
2025-10-13 21:03:08,362 - INFO - HTTP Request: POST https://api.telegram.org/bot8115605790:AAF2BAAGm48-Rt-d5U44Mw7rLD02yo2v1hY/editMessageText "HTTP/1.1 200 OK"
2025-10-13 21:03:09,012 - INFO - HTTP Request: POST https://api.telegram.org/bot8115605790:AAF2BAAGm48-Rt-d5U44Mw7rLD02yo2v1hY/getUpdates "HTTP/1.1 200 OK"
2025-10-13 21:03:09,082 - INFO - HTTP Request: POST https://api.telegram.org/bot8115605790:AAF2BAAGm48-Rt-d5U44Mw7rLD02yo2v1hY/answerCallbackQuery "HTTP/1.1 200 OK"
2025-10-13 21:03:09,146 - INFO - HTTP Request: POST https://api.telegram.org/bot8115605790:AAF2BAAGm48-Rt-d5U44Mw7rLD02yo2v1hY/editMessageText "HTTP/1.1 200 OK"
2025-10-13 21:03:10,444 - INFO - HTTP Request: POST https://api.telegram.org/bot8115605790:AAF2BAAGm48-Rt-d5U44Mw7rLD02yo2v1hY/getUpdates "HTTP/1.1 200 OK"
2025-10-13 21:03:10,512 - INFO - HTTP Request: POST https://api.telegram.org/bot8115605790:AAF2BAAGm48-Rt-d5U44Mw7rLD02yo2v1hY/answerCallbackQuery "HTTP/1.1 200 OK"
2025-10-13 21:03:10,545 - INFO - HTTP Request: POST https://api.telegram.org/bot8115605790:AAF2BAAGm48-Rt-d5U44Mw7rLD02yo2v1hY/editMessageText "HTTP/1.1 400 Bad Request"
2025-10-13 21:03:10,545 - ERROR - No error handlers are registered, logging exception.
Traceback (most recent call last):
  File "D:\Desktop_fake\CNR\av-anomaly-detection\av-anomaly-detection\.venv\Lib\site-packages\telegram\ext\_application.py", line 1298, in process_update
    await coroutine
  File "D:\Desktop_fake\CNR\av-anomaly-detection\av-anomaly-detection\.venv\Lib\site-packages\telegram\ext\_handlers\basehandler.py", line 158, in handle_update
    return await self.callback(update, context)
           ^^^^^^^^^^^^^^^^^^^^^^^^^^^^^^^^^^^^
  File "D:\Desktop_fake\MawileBot\home\MawileBot\src\Commands.py", line 497, in help_button_handler
    await show_command_help(update, context)
  File "D:\Desktop_fake\MawileBot\home\MawileBot\src\Commands.py", line 490, in show_command_help
    await query.edit_message_text(text=text, parse_mode='MarkdownV2', reply_markup=reply_markup)
  File "D:\Desktop_fake\CNR\av-anomaly-detection\av-anomaly-detection\.venv\Lib\site-packages\telegram\_callbackquery.py", line 265, in edit_message_text
    return await self._get_message().edit_text(
           ^^^^^^^^^^^^^^^^^^^^^^^^^^^^^^^^^^^^
  File "D:\Desktop_fake\CNR\av-anomaly-detection\av-anomaly-detection\.venv\Lib\site-packages\telegram\_message.py", line 3809, in edit_text
    return await self.get_bot().edit_message_text(
           ^^^^^^^^^^^^^^^^^^^^^^^^^^^^^^^^^^^^^^^
  File "D:\Desktop_fake\CNR\av-anomaly-detection\av-anomaly-detection\.venv\Lib\site-packages\telegram\ext\_extbot.py", line 1722, in edit_message_text
    return await super().edit_message_text(
           ^^^^^^^^^^^^^^^^^^^^^^^^^^^^^^^^
  File "D:\Desktop_fake\CNR\av-anomaly-detection\av-anomaly-detection\.venv\Lib\site-packages\telegram\_bot.py", line 4293, in edit_message_text
    return await self._send_message(
           ^^^^^^^^^^^^^^^^^^^^^^^^^
  File "D:\Desktop_fake\CNR\av-anomaly-detection\av-anomaly-detection\.venv\Lib\site-packages\telegram\ext\_extbot.py", line 629, in _send_message
    result = await super()._send_message(
             ^^^^^^^^^^^^^^^^^^^^^^^^^^^^
  File "D:\Desktop_fake\CNR\av-anomaly-detection\av-anomaly-detection\.venv\Lib\site-packages\telegram\_bot.py", line 809, in _send_message
    result = await self._post(
             ^^^^^^^^^^^^^^^^^
  File "D:\Desktop_fake\CNR\av-anomaly-detection\av-anomaly-detection\.venv\Lib\site-packages\telegram\_bot.py", line 697, in _post
    return await self._do_post(
           ^^^^^^^^^^^^^^^^^^^^
  File "D:\Desktop_fake\CNR\av-anomaly-detection\av-anomaly-detection\.venv\Lib\site-packages\telegram\ext\_extbot.py", line 369, in _do_post
    return await super()._do_post(
           ^^^^^^^^^^^^^^^^^^^^^^^
  File "D:\Desktop_fake\CNR\av-anomaly-detection\av-anomaly-detection\.venv\Lib\site-packages\telegram\_bot.py", line 726, in _do_post
    result = await request.post(
             ^^^^^^^^^^^^^^^^^^^
  File "D:\Desktop_fake\CNR\av-anomaly-detection\av-anomaly-detection\.venv\Lib\site-packages\telegram\request\_baserequest.py", line 197, in post
    result = await self._request_wrapper(
             ^^^^^^^^^^^^^^^^^^^^^^^^^^^^
  File "D:\Desktop_fake\CNR\av-anomaly-detection\av-anomaly-detection\.venv\Lib\site-packages\telegram\request\_baserequest.py", line 353, in _request_wrapper
    raise BadRequest(message)
telegram.error.BadRequest: Can't parse entities: character '.' is reserved and must be escaped with the preceding '\'
2025-10-13 21:03:11,079 - INFO - HTTP Request: POST https://api.telegram.org/bot8115605790:AAF2BAAGm48-Rt-d5U44Mw7rLD02yo2v1hY/getUpdates "HTTP/1.1 200 OK"
2025-10-13 21:03:11,163 - INFO - HTTP Request: POST https://api.telegram.org/bot8115605790:AAF2BAAGm48-Rt-d5U44Mw7rLD02yo2v1hY/answerCallbackQuery "HTTP/1.1 200 OK"
2025-10-13 21:03:11,205 - INFO - HTTP Request: POST https://api.telegram.org/bot8115605790:AAF2BAAGm48-Rt-d5U44Mw7rLD02yo2v1hY/editMessageText "HTTP/1.1 400 Bad Request"
2025-10-13 21:03:11,212 - ERROR - No error handlers are registered, logging exception.
Traceback (most recent call last):
  File "D:\Desktop_fake\CNR\av-anomaly-detection\av-anomaly-detection\.venv\Lib\site-packages\telegram\ext\_application.py", line 1298, in process_update
    await coroutine
  File "D:\Desktop_fake\CNR\av-anomaly-detection\av-anomaly-detection\.venv\Lib\site-packages\telegram\ext\_handlers\basehandler.py", line 158, in handle_update
    return await self.callback(update, context)
           ^^^^^^^^^^^^^^^^^^^^^^^^^^^^^^^^^^^^
  File "D:\Desktop_fake\MawileBot\home\MawileBot\src\Commands.py", line 497, in help_button_handler
    await show_command_help(update, context)
  File "D:\Desktop_fake\MawileBot\home\MawileBot\src\Commands.py", line 490, in show_command_help
    await query.edit_message_text(text=text, parse_mode='MarkdownV2', reply_markup=reply_markup)
  File "D:\Desktop_fake\CNR\av-anomaly-detection\av-anomaly-detection\.venv\Lib\site-packages\telegram\_callbackquery.py", line 265, in edit_message_text
    return await self._get_message().edit_text(
           ^^^^^^^^^^^^^^^^^^^^^^^^^^^^^^^^^^^^
  File "D:\Desktop_fake\CNR\av-anomaly-detection\av-anomaly-detection\.venv\Lib\site-packages\telegram\_message.py", line 3809, in edit_text
    return await self.get_bot().edit_message_text(
           ^^^^^^^^^^^^^^^^^^^^^^^^^^^^^^^^^^^^^^^
  File "D:\Desktop_fake\CNR\av-anomaly-detection\av-anomaly-detection\.venv\Lib\site-packages\telegram\ext\_extbot.py", line 1722, in edit_message_text
    return await super().edit_message_text(
           ^^^^^^^^^^^^^^^^^^^^^^^^^^^^^^^^
  File "D:\Desktop_fake\CNR\av-anomaly-detection\av-anomaly-detection\.venv\Lib\site-packages\telegram\_bot.py", line 4293, in edit_message_text
    return await self._send_message(
           ^^^^^^^^^^^^^^^^^^^^^^^^^
  File "D:\Desktop_fake\CNR\av-anomaly-detection\av-anomaly-detection\.venv\Lib\site-packages\telegram\ext\_extbot.py", line 629, in _send_message
    result = await super()._send_message(
             ^^^^^^^^^^^^^^^^^^^^^^^^^^^^
  File "D:\Desktop_fake\CNR\av-anomaly-detection\av-anomaly-detection\.venv\Lib\site-packages\telegram\_bot.py", line 809, in _send_message
    result = await self._post(
             ^^^^^^^^^^^^^^^^^
  File "D:\Desktop_fake\CNR\av-anomaly-detection\av-anomaly-detection\.venv\Lib\site-packages\telegram\_bot.py", line 697, in _post
    return await self._do_post(
           ^^^^^^^^^^^^^^^^^^^^
  File "D:\Desktop_fake\CNR\av-anomaly-detection\av-anomaly-detection\.venv\Lib\site-packages\telegram\ext\_extbot.py", line 369, in _do_post
    return await super()._do_post(
           ^^^^^^^^^^^^^^^^^^^^^^^
  File "D:\Desktop_fake\CNR\av-anomaly-detection\av-anomaly-detection\.venv\Lib\site-packages\telegram\_bot.py", line 726, in _do_post
    result = await request.post(
             ^^^^^^^^^^^^^^^^^^^
  File "D:\Desktop_fake\CNR\av-anomaly-detection\av-anomaly-detection\.venv\Lib\site-packages\telegram\request\_baserequest.py", line 197, in post
    result = await self._request_wrapper(
             ^^^^^^^^^^^^^^^^^^^^^^^^^^^^
  File "D:\Desktop_fake\CNR\av-anomaly-detection\av-anomaly-detection\.venv\Lib\site-packages\telegram\request\_baserequest.py", line 353, in _request_wrapper
    raise BadRequest(message)
telegram.error.BadRequest: Can't parse entities: character '.' is reserved and must be escaped with the preceding '\'
2025-10-13 21:03:11,239 - INFO - HTTP Request: POST https://api.telegram.org/bot8115605790:AAF2BAAGm48-Rt-d5U44Mw7rLD02yo2v1hY/getUpdates "HTTP/1.1 200 OK"
2025-10-13 21:03:11,294 - INFO - HTTP Request: POST https://api.telegram.org/bot8115605790:AAF2BAAGm48-Rt-d5U44Mw7rLD02yo2v1hY/answerCallbackQuery "HTTP/1.1 200 OK"
2025-10-13 21:03:11,335 - INFO - HTTP Request: POST https://api.telegram.org/bot8115605790:AAF2BAAGm48-Rt-d5U44Mw7rLD02yo2v1hY/editMessageText "HTTP/1.1 400 Bad Request"
2025-10-13 21:03:11,336 - ERROR - No error handlers are registered, logging exception.
Traceback (most recent call last):
  File "D:\Desktop_fake\CNR\av-anomaly-detection\av-anomaly-detection\.venv\Lib\site-packages\telegram\ext\_application.py", line 1298, in process_update
    await coroutine
  File "D:\Desktop_fake\CNR\av-anomaly-detection\av-anomaly-detection\.venv\Lib\site-packages\telegram\ext\_handlers\basehandler.py", line 158, in handle_update
    return await self.callback(update, context)
           ^^^^^^^^^^^^^^^^^^^^^^^^^^^^^^^^^^^^
  File "D:\Desktop_fake\MawileBot\home\MawileBot\src\Commands.py", line 497, in help_button_handler
    await show_command_help(update, context)
  File "D:\Desktop_fake\MawileBot\home\MawileBot\src\Commands.py", line 490, in show_command_help
    await query.edit_message_text(text=text, parse_mode='MarkdownV2', reply_markup=reply_markup)
  File "D:\Desktop_fake\CNR\av-anomaly-detection\av-anomaly-detection\.venv\Lib\site-packages\telegram\_callbackquery.py", line 265, in edit_message_text
    return await self._get_message().edit_text(
           ^^^^^^^^^^^^^^^^^^^^^^^^^^^^^^^^^^^^
  File "D:\Desktop_fake\CNR\av-anomaly-detection\av-anomaly-detection\.venv\Lib\site-packages\telegram\_message.py", line 3809, in edit_text
    return await self.get_bot().edit_message_text(
           ^^^^^^^^^^^^^^^^^^^^^^^^^^^^^^^^^^^^^^^
  File "D:\Desktop_fake\CNR\av-anomaly-detection\av-anomaly-detection\.venv\Lib\site-packages\telegram\ext\_extbot.py", line 1722, in edit_message_text
    return await super().edit_message_text(
           ^^^^^^^^^^^^^^^^^^^^^^^^^^^^^^^^
  File "D:\Desktop_fake\CNR\av-anomaly-detection\av-anomaly-detection\.venv\Lib\site-packages\telegram\_bot.py", line 4293, in edit_message_text
    return await self._send_message(
           ^^^^^^^^^^^^^^^^^^^^^^^^^
  File "D:\Desktop_fake\CNR\av-anomaly-detection\av-anomaly-detection\.venv\Lib\site-packages\telegram\ext\_extbot.py", line 629, in _send_message
    result = await super()._send_message(
             ^^^^^^^^^^^^^^^^^^^^^^^^^^^^
  File "D:\Desktop_fake\CNR\av-anomaly-detection\av-anomaly-detection\.venv\Lib\site-packages\telegram\_bot.py", line 809, in _send_message
    result = await self._post(
             ^^^^^^^^^^^^^^^^^
  File "D:\Desktop_fake\CNR\av-anomaly-detection\av-anomaly-detection\.venv\Lib\site-packages\telegram\_bot.py", line 697, in _post
    return await self._do_post(
           ^^^^^^^^^^^^^^^^^^^^
  File "D:\Desktop_fake\CNR\av-anomaly-detection\av-anomaly-detection\.venv\Lib\site-packages\telegram\ext\_extbot.py", line 369, in _do_post
    return await super()._do_post(
           ^^^^^^^^^^^^^^^^^^^^^^^
  File "D:\Desktop_fake\CNR\av-anomaly-detection\av-anomaly-detection\.venv\Lib\site-packages\telegram\_bot.py", line 726, in _do_post
    result = await request.post(
             ^^^^^^^^^^^^^^^^^^^
  File "D:\Desktop_fake\CNR\av-anomaly-detection\av-anomaly-detection\.venv\Lib\site-packages\telegram\request\_baserequest.py", line 197, in post
    result = await self._request_wrapper(
             ^^^^^^^^^^^^^^^^^^^^^^^^^^^^
  File "D:\Desktop_fake\CNR\av-anomaly-detection\av-anomaly-detection\.venv\Lib\site-packages\telegram\request\_baserequest.py", line 353, in _request_wrapper
    raise BadRequest(message)
telegram.error.BadRequest: Can't parse entities: character '.' is reserved and must be escaped with the preceding '\'
2025-10-13 21:03:14,130 - INFO - HTTP Request: POST https://api.telegram.org/bot8115605790:AAF2BAAGm48-Rt-d5U44Mw7rLD02yo2v1hY/getUpdates "HTTP/1.1 200 OK"
2025-10-13 21:03:14,194 - INFO - HTTP Request: POST https://api.telegram.org/bot8115605790:AAF2BAAGm48-Rt-d5U44Mw7rLD02yo2v1hY/answerCallbackQuery "HTTP/1.1 200 OK"
2025-10-13 21:03:14,244 - INFO - HTTP Request: POST https://api.telegram.org/bot8115605790:AAF2BAAGm48-Rt-d5U44Mw7rLD02yo2v1hY/editMessageText "HTTP/1.1 400 Bad Request"
2025-10-13 21:03:14,244 - ERROR - No error handlers are registered, logging exception.
Traceback (most recent call last):
  File "D:\Desktop_fake\CNR\av-anomaly-detection\av-anomaly-detection\.venv\Lib\site-packages\telegram\ext\_application.py", line 1298, in process_update
    await coroutine
  File "D:\Desktop_fake\CNR\av-anomaly-detection\av-anomaly-detection\.venv\Lib\site-packages\telegram\ext\_handlers\basehandler.py", line 158, in handle_update
    return await self.callback(update, context)
           ^^^^^^^^^^^^^^^^^^^^^^^^^^^^^^^^^^^^
  File "D:\Desktop_fake\MawileBot\home\MawileBot\src\Commands.py", line 497, in help_button_handler
    await show_command_help(update, context)
  File "D:\Desktop_fake\MawileBot\home\MawileBot\src\Commands.py", line 490, in show_command_help
    await query.edit_message_text(text=text, parse_mode='MarkdownV2', reply_markup=reply_markup)
  File "D:\Desktop_fake\CNR\av-anomaly-detection\av-anomaly-detection\.venv\Lib\site-packages\telegram\_callbackquery.py", line 265, in edit_message_text
    return await self._get_message().edit_text(
           ^^^^^^^^^^^^^^^^^^^^^^^^^^^^^^^^^^^^
  File "D:\Desktop_fake\CNR\av-anomaly-detection\av-anomaly-detection\.venv\Lib\site-packages\telegram\_message.py", line 3809, in edit_text
    return await self.get_bot().edit_message_text(
           ^^^^^^^^^^^^^^^^^^^^^^^^^^^^^^^^^^^^^^^
  File "D:\Desktop_fake\CNR\av-anomaly-detection\av-anomaly-detection\.venv\Lib\site-packages\telegram\ext\_extbot.py", line 1722, in edit_message_text
    return await super().edit_message_text(
           ^^^^^^^^^^^^^^^^^^^^^^^^^^^^^^^^
  File "D:\Desktop_fake\CNR\av-anomaly-detection\av-anomaly-detection\.venv\Lib\site-packages\telegram\_bot.py", line 4293, in edit_message_text
    return await self._send_message(
           ^^^^^^^^^^^^^^^^^^^^^^^^^
  File "D:\Desktop_fake\CNR\av-anomaly-detection\av-anomaly-detection\.venv\Lib\site-packages\telegram\ext\_extbot.py", line 629, in _send_message
    result = await super()._send_message(
             ^^^^^^^^^^^^^^^^^^^^^^^^^^^^
  File "D:\Desktop_fake\CNR\av-anomaly-detection\av-anomaly-detection\.venv\Lib\site-packages\telegram\_bot.py", line 809, in _send_message
    result = await self._post(
             ^^^^^^^^^^^^^^^^^
  File "D:\Desktop_fake\CNR\av-anomaly-detection\av-anomaly-detection\.venv\Lib\site-packages\telegram\_bot.py", line 697, in _post
    return await self._do_post(
           ^^^^^^^^^^^^^^^^^^^^
  File "D:\Desktop_fake\CNR\av-anomaly-detection\av-anomaly-detection\.venv\Lib\site-packages\telegram\ext\_extbot.py", line 369, in _do_post
    return await super()._do_post(
           ^^^^^^^^^^^^^^^^^^^^^^^
  File "D:\Desktop_fake\CNR\av-anomaly-detection\av-anomaly-detection\.venv\Lib\site-packages\telegram\_bot.py", line 726, in _do_post
    result = await request.post(
             ^^^^^^^^^^^^^^^^^^^
  File "D:\Desktop_fake\CNR\av-anomaly-detection\av-anomaly-detection\.venv\Lib\site-packages\telegram\request\_baserequest.py", line 197, in post
    result = await self._request_wrapper(
             ^^^^^^^^^^^^^^^^^^^^^^^^^^^^
  File "D:\Desktop_fake\CNR\av-anomaly-detection\av-anomaly-detection\.venv\Lib\site-packages\telegram\request\_baserequest.py", line 353, in _request_wrapper
    raise BadRequest(message)
telegram.error.BadRequest: Can't parse entities: character '.' is reserved and must be escaped with the preceding '\'
2025-10-13 21:03:24,159 - INFO - HTTP Request: POST https://api.telegram.org/bot8115605790:AAF2BAAGm48-Rt-d5U44Mw7rLD02yo2v1hY/getUpdates "HTTP/1.1 200 OK"
2025-10-13 21:03:34,211 - INFO - HTTP Request: POST https://api.telegram.org/bot8115605790:AAF2BAAGm48-Rt-d5U44Mw7rLD02yo2v1hY/getUpdates "HTTP/1.1 200 OK"
2025-10-13 21:03:44,542 - INFO - HTTP Request: POST https://api.telegram.org/bot8115605790:AAF2BAAGm48-Rt-d5U44Mw7rLD02yo2v1hY/getMe "HTTP/1.1 200 OK"
2025-10-13 21:03:44,590 - INFO - HTTP Request: POST https://api.telegram.org/bot8115605790:AAF2BAAGm48-Rt-d5U44Mw7rLD02yo2v1hY/setMyCommands "HTTP/1.1 200 OK"
2025-10-13 21:03:44,642 - INFO - HTTP Request: POST https://api.telegram.org/bot8115605790:AAF2BAAGm48-Rt-d5U44Mw7rLD02yo2v1hY/deleteWebhook "HTTP/1.1 200 OK"
2025-10-13 21:03:44,752 - INFO - HTTP Request: POST https://api.telegram.org/bot8115605790:AAF2BAAGm48-Rt-d5U44Mw7rLD02yo2v1hY/getUpdates "HTTP/1.1 200 OK"
2025-10-13 21:03:44,752 - INFO - Daddodad (454010613,Davide) called /help
2025-10-13 21:03:44,848 - INFO - HTTP Request: POST https://api.telegram.org/bot8115605790:AAF2BAAGm48-Rt-d5U44Mw7rLD02yo2v1hY/sendMessage "HTTP/1.1 200 OK"
2025-10-13 21:03:46,477 - INFO - HTTP Request: POST https://api.telegram.org/bot8115605790:AAF2BAAGm48-Rt-d5U44Mw7rLD02yo2v1hY/getUpdates "HTTP/1.1 200 OK"
2025-10-13 21:03:46,546 - INFO - HTTP Request: POST https://api.telegram.org/bot8115605790:AAF2BAAGm48-Rt-d5U44Mw7rLD02yo2v1hY/answerCallbackQuery "HTTP/1.1 200 OK"
2025-10-13 21:03:46,627 - INFO - HTTP Request: POST https://api.telegram.org/bot8115605790:AAF2BAAGm48-Rt-d5U44Mw7rLD02yo2v1hY/editMessageText "HTTP/1.1 200 OK"
2025-10-13 21:03:56,530 - INFO - HTTP Request: POST https://api.telegram.org/bot8115605790:AAF2BAAGm48-Rt-d5U44Mw7rLD02yo2v1hY/getUpdates "HTTP/1.1 200 OK"
2025-10-13 21:04:06,208 - INFO - HTTP Request: POST https://api.telegram.org/bot8115605790:AAF2BAAGm48-Rt-d5U44Mw7rLD02yo2v1hY/getUpdates "HTTP/1.1 200 OK"
2025-10-13 21:04:13,923 - INFO - HTTP Request: POST https://api.telegram.org/bot8115605790:AAF2BAAGm48-Rt-d5U44Mw7rLD02yo2v1hY/getMe "HTTP/1.1 200 OK"
2025-10-13 21:04:13,990 - INFO - HTTP Request: POST https://api.telegram.org/bot8115605790:AAF2BAAGm48-Rt-d5U44Mw7rLD02yo2v1hY/setMyCommands "HTTP/1.1 200 OK"
2025-10-13 21:04:14,034 - INFO - HTTP Request: POST https://api.telegram.org/bot8115605790:AAF2BAAGm48-Rt-d5U44Mw7rLD02yo2v1hY/deleteWebhook "HTTP/1.1 200 OK"
2025-10-13 21:04:14,155 - INFO - HTTP Request: POST https://api.telegram.org/bot8115605790:AAF2BAAGm48-Rt-d5U44Mw7rLD02yo2v1hY/getUpdates "HTTP/1.1 200 OK"
2025-10-13 21:04:14,155 - INFO - Daddodad (454010613,Davide) called /help
2025-10-13 21:04:14,319 - INFO - HTTP Request: POST https://api.telegram.org/bot8115605790:AAF2BAAGm48-Rt-d5U44Mw7rLD02yo2v1hY/sendMessage "HTTP/1.1 200 OK"
2025-10-13 21:04:15,775 - INFO - HTTP Request: POST https://api.telegram.org/bot8115605790:AAF2BAAGm48-Rt-d5U44Mw7rLD02yo2v1hY/getUpdates "HTTP/1.1 200 OK"
2025-10-13 21:04:15,841 - INFO - HTTP Request: POST https://api.telegram.org/bot8115605790:AAF2BAAGm48-Rt-d5U44Mw7rLD02yo2v1hY/answerCallbackQuery "HTTP/1.1 200 OK"
2025-10-13 21:04:15,892 - INFO - HTTP Request: POST https://api.telegram.org/bot8115605790:AAF2BAAGm48-Rt-d5U44Mw7rLD02yo2v1hY/editMessageText "HTTP/1.1 400 Bad Request"
2025-10-13 21:04:15,892 - ERROR - No error handlers are registered, logging exception.
Traceback (most recent call last):
  File "D:\Desktop_fake\CNR\av-anomaly-detection\av-anomaly-detection\.venv\Lib\site-packages\telegram\ext\_application.py", line 1298, in process_update
    await coroutine
  File "D:\Desktop_fake\CNR\av-anomaly-detection\av-anomaly-detection\.venv\Lib\site-packages\telegram\ext\_handlers\basehandler.py", line 158, in handle_update
    return await self.callback(update, context)
           ^^^^^^^^^^^^^^^^^^^^^^^^^^^^^^^^^^^^
  File "D:\Desktop_fake\MawileBot\home\MawileBot\src\Commands.py", line 497, in help_button_handler
    await show_command_help(update, context)
  File "D:\Desktop_fake\MawileBot\home\MawileBot\src\Commands.py", line 490, in show_command_help
    await query.edit_message_text(text=text, parse_mode='MarkdownV2', reply_markup=reply_markup)
  File "D:\Desktop_fake\CNR\av-anomaly-detection\av-anomaly-detection\.venv\Lib\site-packages\telegram\_callbackquery.py", line 265, in edit_message_text
    return await self._get_message().edit_text(
           ^^^^^^^^^^^^^^^^^^^^^^^^^^^^^^^^^^^^
  File "D:\Desktop_fake\CNR\av-anomaly-detection\av-anomaly-detection\.venv\Lib\site-packages\telegram\_message.py", line 3809, in edit_text
    return await self.get_bot().edit_message_text(
           ^^^^^^^^^^^^^^^^^^^^^^^^^^^^^^^^^^^^^^^
  File "D:\Desktop_fake\CNR\av-anomaly-detection\av-anomaly-detection\.venv\Lib\site-packages\telegram\ext\_extbot.py", line 1722, in edit_message_text
    return await super().edit_message_text(
           ^^^^^^^^^^^^^^^^^^^^^^^^^^^^^^^^
  File "D:\Desktop_fake\CNR\av-anomaly-detection\av-anomaly-detection\.venv\Lib\site-packages\telegram\_bot.py", line 4293, in edit_message_text
    return await self._send_message(
           ^^^^^^^^^^^^^^^^^^^^^^^^^
  File "D:\Desktop_fake\CNR\av-anomaly-detection\av-anomaly-detection\.venv\Lib\site-packages\telegram\ext\_extbot.py", line 629, in _send_message
    result = await super()._send_message(
             ^^^^^^^^^^^^^^^^^^^^^^^^^^^^
  File "D:\Desktop_fake\CNR\av-anomaly-detection\av-anomaly-detection\.venv\Lib\site-packages\telegram\_bot.py", line 809, in _send_message
    result = await self._post(
             ^^^^^^^^^^^^^^^^^
  File "D:\Desktop_fake\CNR\av-anomaly-detection\av-anomaly-detection\.venv\Lib\site-packages\telegram\_bot.py", line 697, in _post
    return await self._do_post(
           ^^^^^^^^^^^^^^^^^^^^
  File "D:\Desktop_fake\CNR\av-anomaly-detection\av-anomaly-detection\.venv\Lib\site-packages\telegram\ext\_extbot.py", line 369, in _do_post
    return await super()._do_post(
           ^^^^^^^^^^^^^^^^^^^^^^^
  File "D:\Desktop_fake\CNR\av-anomaly-detection\av-anomaly-detection\.venv\Lib\site-packages\telegram\_bot.py", line 726, in _do_post
    result = await request.post(
             ^^^^^^^^^^^^^^^^^^^
  File "D:\Desktop_fake\CNR\av-anomaly-detection\av-anomaly-detection\.venv\Lib\site-packages\telegram\request\_baserequest.py", line 197, in post
    result = await self._request_wrapper(
             ^^^^^^^^^^^^^^^^^^^^^^^^^^^^
  File "D:\Desktop_fake\CNR\av-anomaly-detection\av-anomaly-detection\.venv\Lib\site-packages\telegram\request\_baserequest.py", line 353, in _request_wrapper
    raise BadRequest(message)
telegram.error.BadRequest: Can't parse entities: character '.' is reserved and must be escaped with the preceding '\'
2025-10-13 21:04:18,156 - INFO - HTTP Request: POST https://api.telegram.org/bot8115605790:AAF2BAAGm48-Rt-d5U44Mw7rLD02yo2v1hY/getUpdates "HTTP/1.1 200 OK"
2025-10-13 21:04:18,241 - INFO - HTTP Request: POST https://api.telegram.org/bot8115605790:AAF2BAAGm48-Rt-d5U44Mw7rLD02yo2v1hY/answerCallbackQuery "HTTP/1.1 200 OK"
2025-10-13 21:04:18,292 - INFO - HTTP Request: POST https://api.telegram.org/bot8115605790:AAF2BAAGm48-Rt-d5U44Mw7rLD02yo2v1hY/editMessageText "HTTP/1.1 400 Bad Request"
2025-10-13 21:04:18,294 - ERROR - No error handlers are registered, logging exception.
Traceback (most recent call last):
  File "D:\Desktop_fake\CNR\av-anomaly-detection\av-anomaly-detection\.venv\Lib\site-packages\telegram\ext\_application.py", line 1298, in process_update
    await coroutine
  File "D:\Desktop_fake\CNR\av-anomaly-detection\av-anomaly-detection\.venv\Lib\site-packages\telegram\ext\_handlers\basehandler.py", line 158, in handle_update
    return await self.callback(update, context)
           ^^^^^^^^^^^^^^^^^^^^^^^^^^^^^^^^^^^^
  File "D:\Desktop_fake\MawileBot\home\MawileBot\src\Commands.py", line 497, in help_button_handler
    await show_command_help(update, context)
  File "D:\Desktop_fake\MawileBot\home\MawileBot\src\Commands.py", line 490, in show_command_help
    await query.edit_message_text(text=text, parse_mode='MarkdownV2', reply_markup=reply_markup)
  File "D:\Desktop_fake\CNR\av-anomaly-detection\av-anomaly-detection\.venv\Lib\site-packages\telegram\_callbackquery.py", line 265, in edit_message_text
    return await self._get_message().edit_text(
           ^^^^^^^^^^^^^^^^^^^^^^^^^^^^^^^^^^^^
  File "D:\Desktop_fake\CNR\av-anomaly-detection\av-anomaly-detection\.venv\Lib\site-packages\telegram\_message.py", line 3809, in edit_text
    return await self.get_bot().edit_message_text(
           ^^^^^^^^^^^^^^^^^^^^^^^^^^^^^^^^^^^^^^^
  File "D:\Desktop_fake\CNR\av-anomaly-detection\av-anomaly-detection\.venv\Lib\site-packages\telegram\ext\_extbot.py", line 1722, in edit_message_text
    return await super().edit_message_text(
           ^^^^^^^^^^^^^^^^^^^^^^^^^^^^^^^^
  File "D:\Desktop_fake\CNR\av-anomaly-detection\av-anomaly-detection\.venv\Lib\site-packages\telegram\_bot.py", line 4293, in edit_message_text
    return await self._send_message(
           ^^^^^^^^^^^^^^^^^^^^^^^^^
  File "D:\Desktop_fake\CNR\av-anomaly-detection\av-anomaly-detection\.venv\Lib\site-packages\telegram\ext\_extbot.py", line 629, in _send_message
    result = await super()._send_message(
             ^^^^^^^^^^^^^^^^^^^^^^^^^^^^
  File "D:\Desktop_fake\CNR\av-anomaly-detection\av-anomaly-detection\.venv\Lib\site-packages\telegram\_bot.py", line 809, in _send_message
    result = await self._post(
             ^^^^^^^^^^^^^^^^^
  File "D:\Desktop_fake\CNR\av-anomaly-detection\av-anomaly-detection\.venv\Lib\site-packages\telegram\_bot.py", line 697, in _post
    return await self._do_post(
           ^^^^^^^^^^^^^^^^^^^^
  File "D:\Desktop_fake\CNR\av-anomaly-detection\av-anomaly-detection\.venv\Lib\site-packages\telegram\ext\_extbot.py", line 369, in _do_post
    return await super()._do_post(
           ^^^^^^^^^^^^^^^^^^^^^^^
  File "D:\Desktop_fake\CNR\av-anomaly-detection\av-anomaly-detection\.venv\Lib\site-packages\telegram\_bot.py", line 726, in _do_post
    result = await request.post(
             ^^^^^^^^^^^^^^^^^^^
  File "D:\Desktop_fake\CNR\av-anomaly-detection\av-anomaly-detection\.venv\Lib\site-packages\telegram\request\_baserequest.py", line 197, in post
    result = await self._request_wrapper(
             ^^^^^^^^^^^^^^^^^^^^^^^^^^^^
  File "D:\Desktop_fake\CNR\av-anomaly-detection\av-anomaly-detection\.venv\Lib\site-packages\telegram\request\_baserequest.py", line 353, in _request_wrapper
    raise BadRequest(message)
telegram.error.BadRequest: Can't parse entities: character '.' is reserved and must be escaped with the preceding '\'
2025-10-13 21:04:28,205 - INFO - HTTP Request: POST https://api.telegram.org/bot8115605790:AAF2BAAGm48-Rt-d5U44Mw7rLD02yo2v1hY/getUpdates "HTTP/1.1 200 OK"
2025-10-13 21:04:35,973 - INFO - HTTP Request: POST https://api.telegram.org/bot8115605790:AAF2BAAGm48-Rt-d5U44Mw7rLD02yo2v1hY/getMe "HTTP/1.1 200 OK"
2025-10-13 21:04:36,032 - INFO - HTTP Request: POST https://api.telegram.org/bot8115605790:AAF2BAAGm48-Rt-d5U44Mw7rLD02yo2v1hY/setMyCommands "HTTP/1.1 200 OK"
2025-10-13 21:04:36,069 - INFO - HTTP Request: POST https://api.telegram.org/bot8115605790:AAF2BAAGm48-Rt-d5U44Mw7rLD02yo2v1hY/deleteWebhook "HTTP/1.1 200 OK"
2025-10-13 21:04:36,185 - INFO - HTTP Request: POST https://api.telegram.org/bot8115605790:AAF2BAAGm48-Rt-d5U44Mw7rLD02yo2v1hY/getUpdates "HTTP/1.1 200 OK"
2025-10-13 21:04:36,187 - INFO - Daddodad (454010613,Davide) called /help
2025-10-13 21:04:36,279 - INFO - HTTP Request: POST https://api.telegram.org/bot8115605790:AAF2BAAGm48-Rt-d5U44Mw7rLD02yo2v1hY/sendMessage "HTTP/1.1 200 OK"
2025-10-13 21:04:37,427 - INFO - HTTP Request: POST https://api.telegram.org/bot8115605790:AAF2BAAGm48-Rt-d5U44Mw7rLD02yo2v1hY/getUpdates "HTTP/1.1 200 OK"
2025-10-13 21:04:37,475 - INFO - HTTP Request: POST https://api.telegram.org/bot8115605790:AAF2BAAGm48-Rt-d5U44Mw7rLD02yo2v1hY/answerCallbackQuery "HTTP/1.1 200 OK"
2025-10-13 21:04:37,512 - INFO - HTTP Request: POST https://api.telegram.org/bot8115605790:AAF2BAAGm48-Rt-d5U44Mw7rLD02yo2v1hY/editMessageText "HTTP/1.1 400 Bad Request"
2025-10-13 21:04:37,512 - ERROR - No error handlers are registered, logging exception.
Traceback (most recent call last):
  File "D:\Desktop_fake\CNR\av-anomaly-detection\av-anomaly-detection\.venv\Lib\site-packages\telegram\ext\_application.py", line 1298, in process_update
    await coroutine
  File "D:\Desktop_fake\CNR\av-anomaly-detection\av-anomaly-detection\.venv\Lib\site-packages\telegram\ext\_handlers\basehandler.py", line 158, in handle_update
    return await self.callback(update, context)
           ^^^^^^^^^^^^^^^^^^^^^^^^^^^^^^^^^^^^
  File "D:\Desktop_fake\MawileBot\home\MawileBot\src\Commands.py", line 497, in help_button_handler
    await show_command_help(update, context)
  File "D:\Desktop_fake\MawileBot\home\MawileBot\src\Commands.py", line 490, in show_command_help
    await query.edit_message_text(text=text, parse_mode='MarkdownV2', reply_markup=reply_markup)
  File "D:\Desktop_fake\CNR\av-anomaly-detection\av-anomaly-detection\.venv\Lib\site-packages\telegram\_callbackquery.py", line 265, in edit_message_text
    return await self._get_message().edit_text(
           ^^^^^^^^^^^^^^^^^^^^^^^^^^^^^^^^^^^^
  File "D:\Desktop_fake\CNR\av-anomaly-detection\av-anomaly-detection\.venv\Lib\site-packages\telegram\_message.py", line 3809, in edit_text
    return await self.get_bot().edit_message_text(
           ^^^^^^^^^^^^^^^^^^^^^^^^^^^^^^^^^^^^^^^
  File "D:\Desktop_fake\CNR\av-anomaly-detection\av-anomaly-detection\.venv\Lib\site-packages\telegram\ext\_extbot.py", line 1722, in edit_message_text
    return await super().edit_message_text(
           ^^^^^^^^^^^^^^^^^^^^^^^^^^^^^^^^
  File "D:\Desktop_fake\CNR\av-anomaly-detection\av-anomaly-detection\.venv\Lib\site-packages\telegram\_bot.py", line 4293, in edit_message_text
    return await self._send_message(
           ^^^^^^^^^^^^^^^^^^^^^^^^^
  File "D:\Desktop_fake\CNR\av-anomaly-detection\av-anomaly-detection\.venv\Lib\site-packages\telegram\ext\_extbot.py", line 629, in _send_message
    result = await super()._send_message(
             ^^^^^^^^^^^^^^^^^^^^^^^^^^^^
  File "D:\Desktop_fake\CNR\av-anomaly-detection\av-anomaly-detection\.venv\Lib\site-packages\telegram\_bot.py", line 809, in _send_message
    result = await self._post(
             ^^^^^^^^^^^^^^^^^
  File "D:\Desktop_fake\CNR\av-anomaly-detection\av-anomaly-detection\.venv\Lib\site-packages\telegram\_bot.py", line 697, in _post
    return await self._do_post(
           ^^^^^^^^^^^^^^^^^^^^
  File "D:\Desktop_fake\CNR\av-anomaly-detection\av-anomaly-detection\.venv\Lib\site-packages\telegram\ext\_extbot.py", line 369, in _do_post
    return await super()._do_post(
           ^^^^^^^^^^^^^^^^^^^^^^^
  File "D:\Desktop_fake\CNR\av-anomaly-detection\av-anomaly-detection\.venv\Lib\site-packages\telegram\_bot.py", line 726, in _do_post
    result = await request.post(
             ^^^^^^^^^^^^^^^^^^^
  File "D:\Desktop_fake\CNR\av-anomaly-detection\av-anomaly-detection\.venv\Lib\site-packages\telegram\request\_baserequest.py", line 197, in post
    result = await self._request_wrapper(
             ^^^^^^^^^^^^^^^^^^^^^^^^^^^^
  File "D:\Desktop_fake\CNR\av-anomaly-detection\av-anomaly-detection\.venv\Lib\site-packages\telegram\request\_baserequest.py", line 353, in _request_wrapper
    raise BadRequest(message)
telegram.error.BadRequest: Can't parse entities: character '.' is reserved and must be escaped with the preceding '\'
2025-10-13 21:04:39,403 - INFO - HTTP Request: POST https://api.telegram.org/bot8115605790:AAF2BAAGm48-Rt-d5U44Mw7rLD02yo2v1hY/getUpdates "HTTP/1.1 200 OK"
2025-10-13 21:04:39,439 - INFO - HTTP Request: POST https://api.telegram.org/bot8115605790:AAF2BAAGm48-Rt-d5U44Mw7rLD02yo2v1hY/answerCallbackQuery "HTTP/1.1 200 OK"
2025-10-13 21:04:39,489 - INFO - HTTP Request: POST https://api.telegram.org/bot8115605790:AAF2BAAGm48-Rt-d5U44Mw7rLD02yo2v1hY/editMessageText "HTTP/1.1 400 Bad Request"
2025-10-13 21:04:39,489 - ERROR - No error handlers are registered, logging exception.
Traceback (most recent call last):
  File "D:\Desktop_fake\CNR\av-anomaly-detection\av-anomaly-detection\.venv\Lib\site-packages\telegram\ext\_application.py", line 1298, in process_update
    await coroutine
  File "D:\Desktop_fake\CNR\av-anomaly-detection\av-anomaly-detection\.venv\Lib\site-packages\telegram\ext\_handlers\basehandler.py", line 158, in handle_update
    return await self.callback(update, context)
           ^^^^^^^^^^^^^^^^^^^^^^^^^^^^^^^^^^^^
  File "D:\Desktop_fake\MawileBot\home\MawileBot\src\Commands.py", line 497, in help_button_handler
    await show_command_help(update, context)
  File "D:\Desktop_fake\MawileBot\home\MawileBot\src\Commands.py", line 490, in show_command_help
    await query.edit_message_text(text=text, parse_mode='MarkdownV2', reply_markup=reply_markup)
  File "D:\Desktop_fake\CNR\av-anomaly-detection\av-anomaly-detection\.venv\Lib\site-packages\telegram\_callbackquery.py", line 265, in edit_message_text
    return await self._get_message().edit_text(
           ^^^^^^^^^^^^^^^^^^^^^^^^^^^^^^^^^^^^
  File "D:\Desktop_fake\CNR\av-anomaly-detection\av-anomaly-detection\.venv\Lib\site-packages\telegram\_message.py", line 3809, in edit_text
    return await self.get_bot().edit_message_text(
           ^^^^^^^^^^^^^^^^^^^^^^^^^^^^^^^^^^^^^^^
  File "D:\Desktop_fake\CNR\av-anomaly-detection\av-anomaly-detection\.venv\Lib\site-packages\telegram\ext\_extbot.py", line 1722, in edit_message_text
    return await super().edit_message_text(
           ^^^^^^^^^^^^^^^^^^^^^^^^^^^^^^^^
  File "D:\Desktop_fake\CNR\av-anomaly-detection\av-anomaly-detection\.venv\Lib\site-packages\telegram\_bot.py", line 4293, in edit_message_text
    return await self._send_message(
           ^^^^^^^^^^^^^^^^^^^^^^^^^
  File "D:\Desktop_fake\CNR\av-anomaly-detection\av-anomaly-detection\.venv\Lib\site-packages\telegram\ext\_extbot.py", line 629, in _send_message
    result = await super()._send_message(
             ^^^^^^^^^^^^^^^^^^^^^^^^^^^^
  File "D:\Desktop_fake\CNR\av-anomaly-detection\av-anomaly-detection\.venv\Lib\site-packages\telegram\_bot.py", line 809, in _send_message
    result = await self._post(
             ^^^^^^^^^^^^^^^^^
  File "D:\Desktop_fake\CNR\av-anomaly-detection\av-anomaly-detection\.venv\Lib\site-packages\telegram\_bot.py", line 697, in _post
    return await self._do_post(
           ^^^^^^^^^^^^^^^^^^^^
  File "D:\Desktop_fake\CNR\av-anomaly-detection\av-anomaly-detection\.venv\Lib\site-packages\telegram\ext\_extbot.py", line 369, in _do_post
    return await super()._do_post(
           ^^^^^^^^^^^^^^^^^^^^^^^
  File "D:\Desktop_fake\CNR\av-anomaly-detection\av-anomaly-detection\.venv\Lib\site-packages\telegram\_bot.py", line 726, in _do_post
    result = await request.post(
             ^^^^^^^^^^^^^^^^^^^
  File "D:\Desktop_fake\CNR\av-anomaly-detection\av-anomaly-detection\.venv\Lib\site-packages\telegram\request\_baserequest.py", line 197, in post
    result = await self._request_wrapper(
             ^^^^^^^^^^^^^^^^^^^^^^^^^^^^
  File "D:\Desktop_fake\CNR\av-anomaly-detection\av-anomaly-detection\.venv\Lib\site-packages\telegram\request\_baserequest.py", line 353, in _request_wrapper
    raise BadRequest(message)
telegram.error.BadRequest: Can't parse entities: character '.' is reserved and must be escaped with the preceding '\'
2025-10-13 21:04:49,447 - INFO - HTTP Request: POST https://api.telegram.org/bot8115605790:AAF2BAAGm48-Rt-d5U44Mw7rLD02yo2v1hY/getUpdates "HTTP/1.1 200 OK"
2025-10-13 21:04:56,270 - INFO - HTTP Request: POST https://api.telegram.org/bot8115605790:AAF2BAAGm48-Rt-d5U44Mw7rLD02yo2v1hY/getUpdates "HTTP/1.1 200 OK"
2025-10-13 21:05:04,466 - INFO - HTTP Request: POST https://api.telegram.org/bot8115605790:AAF2BAAGm48-Rt-d5U44Mw7rLD02yo2v1hY/getMe "HTTP/1.1 200 OK"
2025-10-13 21:05:04,546 - INFO - HTTP Request: POST https://api.telegram.org/bot8115605790:AAF2BAAGm48-Rt-d5U44Mw7rLD02yo2v1hY/setMyCommands "HTTP/1.1 200 OK"
2025-10-13 21:05:04,578 - INFO - HTTP Request: POST https://api.telegram.org/bot8115605790:AAF2BAAGm48-Rt-d5U44Mw7rLD02yo2v1hY/deleteWebhook "HTTP/1.1 200 OK"
2025-10-13 21:05:04,694 - INFO - HTTP Request: POST https://api.telegram.org/bot8115605790:AAF2BAAGm48-Rt-d5U44Mw7rLD02yo2v1hY/getUpdates "HTTP/1.1 200 OK"
2025-10-13 21:05:04,694 - INFO - Daddodad (454010613,Davide) called /help
2025-10-13 21:05:04,845 - INFO - HTTP Request: POST https://api.telegram.org/bot8115605790:AAF2BAAGm48-Rt-d5U44Mw7rLD02yo2v1hY/sendMessage "HTTP/1.1 200 OK"
2025-10-13 21:05:05,888 - INFO - HTTP Request: POST https://api.telegram.org/bot8115605790:AAF2BAAGm48-Rt-d5U44Mw7rLD02yo2v1hY/getUpdates "HTTP/1.1 200 OK"
2025-10-13 21:05:06,155 - INFO - HTTP Request: POST https://api.telegram.org/bot8115605790:AAF2BAAGm48-Rt-d5U44Mw7rLD02yo2v1hY/answerCallbackQuery "HTTP/1.1 200 OK"
2025-10-13 21:05:06,405 - INFO - HTTP Request: POST https://api.telegram.org/bot8115605790:AAF2BAAGm48-Rt-d5U44Mw7rLD02yo2v1hY/editMessageText "HTTP/1.1 200 OK"
2025-10-13 21:05:15,921 - INFO - HTTP Request: POST https://api.telegram.org/bot8115605790:AAF2BAAGm48-Rt-d5U44Mw7rLD02yo2v1hY/getUpdates "HTTP/1.1 200 OK"
2025-10-13 21:05:25,829 - INFO - HTTP Request: POST https://api.telegram.org/bot8115605790:AAF2BAAGm48-Rt-d5U44Mw7rLD02yo2v1hY/getUpdates "HTTP/1.1 200 OK"
2025-10-13 21:05:32,702 - INFO - HTTP Request: POST https://api.telegram.org/bot8115605790:AAF2BAAGm48-Rt-d5U44Mw7rLD02yo2v1hY/getMe "HTTP/1.1 200 OK"
2025-10-13 21:05:32,758 - INFO - HTTP Request: POST https://api.telegram.org/bot8115605790:AAF2BAAGm48-Rt-d5U44Mw7rLD02yo2v1hY/setMyCommands "HTTP/1.1 200 OK"
2025-10-13 21:05:32,793 - INFO - HTTP Request: POST https://api.telegram.org/bot8115605790:AAF2BAAGm48-Rt-d5U44Mw7rLD02yo2v1hY/deleteWebhook "HTTP/1.1 200 OK"
2025-10-13 21:05:36,337 - INFO - HTTP Request: POST https://api.telegram.org/bot8115605790:AAF2BAAGm48-Rt-d5U44Mw7rLD02yo2v1hY/getUpdates "HTTP/1.1 200 OK"
2025-10-13 21:05:36,338 - INFO - Daddodad (454010613,Davide) called /help
2025-10-13 21:05:36,418 - INFO - HTTP Request: POST https://api.telegram.org/bot8115605790:AAF2BAAGm48-Rt-d5U44Mw7rLD02yo2v1hY/sendMessage "HTTP/1.1 200 OK"
2025-10-13 21:05:39,019 - INFO - HTTP Request: POST https://api.telegram.org/bot8115605790:AAF2BAAGm48-Rt-d5U44Mw7rLD02yo2v1hY/getUpdates "HTTP/1.1 200 OK"
2025-10-13 21:05:39,136 - INFO - HTTP Request: POST https://api.telegram.org/bot8115605790:AAF2BAAGm48-Rt-d5U44Mw7rLD02yo2v1hY/answerCallbackQuery "HTTP/1.1 200 OK"
2025-10-13 21:05:39,285 - INFO - HTTP Request: POST https://api.telegram.org/bot8115605790:AAF2BAAGm48-Rt-d5U44Mw7rLD02yo2v1hY/editMessageText "HTTP/1.1 200 OK"
2025-10-13 21:05:49,065 - INFO - HTTP Request: POST https://api.telegram.org/bot8115605790:AAF2BAAGm48-Rt-d5U44Mw7rLD02yo2v1hY/getUpdates "HTTP/1.1 200 OK"
2025-10-13 21:05:58,400 - INFO - HTTP Request: POST https://api.telegram.org/bot8115605790:AAF2BAAGm48-Rt-d5U44Mw7rLD02yo2v1hY/getMe "HTTP/1.1 200 OK"
2025-10-13 21:05:58,500 - INFO - HTTP Request: POST https://api.telegram.org/bot8115605790:AAF2BAAGm48-Rt-d5U44Mw7rLD02yo2v1hY/setMyCommands "HTTP/1.1 200 OK"
2025-10-13 21:05:58,538 - INFO - HTTP Request: POST https://api.telegram.org/bot8115605790:AAF2BAAGm48-Rt-d5U44Mw7rLD02yo2v1hY/deleteWebhook "HTTP/1.1 200 OK"
2025-10-13 21:05:58,658 - INFO - HTTP Request: POST https://api.telegram.org/bot8115605790:AAF2BAAGm48-Rt-d5U44Mw7rLD02yo2v1hY/getUpdates "HTTP/1.1 200 OK"
2025-10-13 21:05:58,662 - INFO - Daddodad (454010613,Davide) called /help
2025-10-13 21:05:58,828 - INFO - HTTP Request: POST https://api.telegram.org/bot8115605790:AAF2BAAGm48-Rt-d5U44Mw7rLD02yo2v1hY/sendMessage "HTTP/1.1 200 OK"
2025-10-13 21:06:00,001 - INFO - HTTP Request: POST https://api.telegram.org/bot8115605790:AAF2BAAGm48-Rt-d5U44Mw7rLD02yo2v1hY/getUpdates "HTTP/1.1 200 OK"
2025-10-13 21:06:00,052 - INFO - HTTP Request: POST https://api.telegram.org/bot8115605790:AAF2BAAGm48-Rt-d5U44Mw7rLD02yo2v1hY/answerCallbackQuery "HTTP/1.1 200 OK"
2025-10-13 21:06:00,104 - INFO - HTTP Request: POST https://api.telegram.org/bot8115605790:AAF2BAAGm48-Rt-d5U44Mw7rLD02yo2v1hY/editMessageText "HTTP/1.1 400 Bad Request"
2025-10-13 21:06:00,105 - ERROR - No error handlers are registered, logging exception.
Traceback (most recent call last):
  File "D:\Desktop_fake\CNR\av-anomaly-detection\av-anomaly-detection\.venv\Lib\site-packages\telegram\ext\_application.py", line 1298, in process_update
    await coroutine
  File "D:\Desktop_fake\CNR\av-anomaly-detection\av-anomaly-detection\.venv\Lib\site-packages\telegram\ext\_handlers\basehandler.py", line 158, in handle_update
    return await self.callback(update, context)
           ^^^^^^^^^^^^^^^^^^^^^^^^^^^^^^^^^^^^
  File "D:\Desktop_fake\MawileBot\home\MawileBot\src\Commands.py", line 497, in help_button_handler
    await show_command_help(update, context)
  File "D:\Desktop_fake\MawileBot\home\MawileBot\src\Commands.py", line 490, in show_command_help
    await query.edit_message_text(text=text, parse_mode='MarkdownV2', reply_markup=reply_markup)
  File "D:\Desktop_fake\CNR\av-anomaly-detection\av-anomaly-detection\.venv\Lib\site-packages\telegram\_callbackquery.py", line 265, in edit_message_text
    return await self._get_message().edit_text(
           ^^^^^^^^^^^^^^^^^^^^^^^^^^^^^^^^^^^^
  File "D:\Desktop_fake\CNR\av-anomaly-detection\av-anomaly-detection\.venv\Lib\site-packages\telegram\_message.py", line 3809, in edit_text
    return await self.get_bot().edit_message_text(
           ^^^^^^^^^^^^^^^^^^^^^^^^^^^^^^^^^^^^^^^
  File "D:\Desktop_fake\CNR\av-anomaly-detection\av-anomaly-detection\.venv\Lib\site-packages\telegram\ext\_extbot.py", line 1722, in edit_message_text
    return await super().edit_message_text(
           ^^^^^^^^^^^^^^^^^^^^^^^^^^^^^^^^
  File "D:\Desktop_fake\CNR\av-anomaly-detection\av-anomaly-detection\.venv\Lib\site-packages\telegram\_bot.py", line 4293, in edit_message_text
    return await self._send_message(
           ^^^^^^^^^^^^^^^^^^^^^^^^^
  File "D:\Desktop_fake\CNR\av-anomaly-detection\av-anomaly-detection\.venv\Lib\site-packages\telegram\ext\_extbot.py", line 629, in _send_message
    result = await super()._send_message(
             ^^^^^^^^^^^^^^^^^^^^^^^^^^^^
  File "D:\Desktop_fake\CNR\av-anomaly-detection\av-anomaly-detection\.venv\Lib\site-packages\telegram\_bot.py", line 809, in _send_message
    result = await self._post(
             ^^^^^^^^^^^^^^^^^
  File "D:\Desktop_fake\CNR\av-anomaly-detection\av-anomaly-detection\.venv\Lib\site-packages\telegram\_bot.py", line 697, in _post
    return await self._do_post(
           ^^^^^^^^^^^^^^^^^^^^
  File "D:\Desktop_fake\CNR\av-anomaly-detection\av-anomaly-detection\.venv\Lib\site-packages\telegram\ext\_extbot.py", line 369, in _do_post
    return await super()._do_post(
           ^^^^^^^^^^^^^^^^^^^^^^^
  File "D:\Desktop_fake\CNR\av-anomaly-detection\av-anomaly-detection\.venv\Lib\site-packages\telegram\_bot.py", line 726, in _do_post
    result = await request.post(
             ^^^^^^^^^^^^^^^^^^^
  File "D:\Desktop_fake\CNR\av-anomaly-detection\av-anomaly-detection\.venv\Lib\site-packages\telegram\request\_baserequest.py", line 197, in post
    result = await self._request_wrapper(
             ^^^^^^^^^^^^^^^^^^^^^^^^^^^^
  File "D:\Desktop_fake\CNR\av-anomaly-detection\av-anomaly-detection\.venv\Lib\site-packages\telegram\request\_baserequest.py", line 353, in _request_wrapper
    raise BadRequest(message)
telegram.error.BadRequest: Can't parse entities: can't find end of italic entity at byte offset 521
2025-10-13 21:06:01,735 - INFO - HTTP Request: POST https://api.telegram.org/bot8115605790:AAF2BAAGm48-Rt-d5U44Mw7rLD02yo2v1hY/getUpdates "HTTP/1.1 200 OK"
2025-10-13 21:06:01,801 - INFO - HTTP Request: POST https://api.telegram.org/bot8115605790:AAF2BAAGm48-Rt-d5U44Mw7rLD02yo2v1hY/answerCallbackQuery "HTTP/1.1 200 OK"
2025-10-13 21:06:01,835 - INFO - HTTP Request: POST https://api.telegram.org/bot8115605790:AAF2BAAGm48-Rt-d5U44Mw7rLD02yo2v1hY/editMessageText "HTTP/1.1 400 Bad Request"
2025-10-13 21:06:01,835 - ERROR - No error handlers are registered, logging exception.
Traceback (most recent call last):
  File "D:\Desktop_fake\CNR\av-anomaly-detection\av-anomaly-detection\.venv\Lib\site-packages\telegram\ext\_application.py", line 1298, in process_update
    await coroutine
  File "D:\Desktop_fake\CNR\av-anomaly-detection\av-anomaly-detection\.venv\Lib\site-packages\telegram\ext\_handlers\basehandler.py", line 158, in handle_update
    return await self.callback(update, context)
           ^^^^^^^^^^^^^^^^^^^^^^^^^^^^^^^^^^^^
  File "D:\Desktop_fake\MawileBot\home\MawileBot\src\Commands.py", line 497, in help_button_handler
    await show_command_help(update, context)
  File "D:\Desktop_fake\MawileBot\home\MawileBot\src\Commands.py", line 490, in show_command_help
    await query.edit_message_text(text=text, parse_mode='MarkdownV2', reply_markup=reply_markup)
  File "D:\Desktop_fake\CNR\av-anomaly-detection\av-anomaly-detection\.venv\Lib\site-packages\telegram\_callbackquery.py", line 265, in edit_message_text
    return await self._get_message().edit_text(
           ^^^^^^^^^^^^^^^^^^^^^^^^^^^^^^^^^^^^
  File "D:\Desktop_fake\CNR\av-anomaly-detection\av-anomaly-detection\.venv\Lib\site-packages\telegram\_message.py", line 3809, in edit_text
    return await self.get_bot().edit_message_text(
           ^^^^^^^^^^^^^^^^^^^^^^^^^^^^^^^^^^^^^^^
  File "D:\Desktop_fake\CNR\av-anomaly-detection\av-anomaly-detection\.venv\Lib\site-packages\telegram\ext\_extbot.py", line 1722, in edit_message_text
    return await super().edit_message_text(
           ^^^^^^^^^^^^^^^^^^^^^^^^^^^^^^^^
  File "D:\Desktop_fake\CNR\av-anomaly-detection\av-anomaly-detection\.venv\Lib\site-packages\telegram\_bot.py", line 4293, in edit_message_text
    return await self._send_message(
           ^^^^^^^^^^^^^^^^^^^^^^^^^
  File "D:\Desktop_fake\CNR\av-anomaly-detection\av-anomaly-detection\.venv\Lib\site-packages\telegram\ext\_extbot.py", line 629, in _send_message
    result = await super()._send_message(
             ^^^^^^^^^^^^^^^^^^^^^^^^^^^^
  File "D:\Desktop_fake\CNR\av-anomaly-detection\av-anomaly-detection\.venv\Lib\site-packages\telegram\_bot.py", line 809, in _send_message
    result = await self._post(
             ^^^^^^^^^^^^^^^^^
  File "D:\Desktop_fake\CNR\av-anomaly-detection\av-anomaly-detection\.venv\Lib\site-packages\telegram\_bot.py", line 697, in _post
    return await self._do_post(
           ^^^^^^^^^^^^^^^^^^^^
  File "D:\Desktop_fake\CNR\av-anomaly-detection\av-anomaly-detection\.venv\Lib\site-packages\telegram\ext\_extbot.py", line 369, in _do_post
    return await super()._do_post(
           ^^^^^^^^^^^^^^^^^^^^^^^
  File "D:\Desktop_fake\CNR\av-anomaly-detection\av-anomaly-detection\.venv\Lib\site-packages\telegram\_bot.py", line 726, in _do_post
    result = await request.post(
             ^^^^^^^^^^^^^^^^^^^
  File "D:\Desktop_fake\CNR\av-anomaly-detection\av-anomaly-detection\.venv\Lib\site-packages\telegram\request\_baserequest.py", line 197, in post
    result = await self._request_wrapper(
             ^^^^^^^^^^^^^^^^^^^^^^^^^^^^
  File "D:\Desktop_fake\CNR\av-anomaly-detection\av-anomaly-detection\.venv\Lib\site-packages\telegram\request\_baserequest.py", line 353, in _request_wrapper
    raise BadRequest(message)
telegram.error.BadRequest: Can't parse entities: can't find end of italic entity at byte offset 521
2025-10-13 21:06:02,603 - INFO - HTTP Request: POST https://api.telegram.org/bot8115605790:AAF2BAAGm48-Rt-d5U44Mw7rLD02yo2v1hY/getUpdates "HTTP/1.1 200 OK"
2025-10-13 21:06:02,702 - INFO - HTTP Request: POST https://api.telegram.org/bot8115605790:AAF2BAAGm48-Rt-d5U44Mw7rLD02yo2v1hY/answerCallbackQuery "HTTP/1.1 200 OK"
2025-10-13 21:06:02,742 - INFO - HTTP Request: POST https://api.telegram.org/bot8115605790:AAF2BAAGm48-Rt-d5U44Mw7rLD02yo2v1hY/editMessageText "HTTP/1.1 400 Bad Request"
2025-10-13 21:06:02,742 - ERROR - No error handlers are registered, logging exception.
Traceback (most recent call last):
  File "D:\Desktop_fake\CNR\av-anomaly-detection\av-anomaly-detection\.venv\Lib\site-packages\telegram\ext\_application.py", line 1298, in process_update
    await coroutine
  File "D:\Desktop_fake\CNR\av-anomaly-detection\av-anomaly-detection\.venv\Lib\site-packages\telegram\ext\_handlers\basehandler.py", line 158, in handle_update
    return await self.callback(update, context)
           ^^^^^^^^^^^^^^^^^^^^^^^^^^^^^^^^^^^^
  File "D:\Desktop_fake\MawileBot\home\MawileBot\src\Commands.py", line 497, in help_button_handler
    await show_command_help(update, context)
  File "D:\Desktop_fake\MawileBot\home\MawileBot\src\Commands.py", line 490, in show_command_help
    await query.edit_message_text(text=text, parse_mode='MarkdownV2', reply_markup=reply_markup)
  File "D:\Desktop_fake\CNR\av-anomaly-detection\av-anomaly-detection\.venv\Lib\site-packages\telegram\_callbackquery.py", line 265, in edit_message_text
    return await self._get_message().edit_text(
           ^^^^^^^^^^^^^^^^^^^^^^^^^^^^^^^^^^^^
  File "D:\Desktop_fake\CNR\av-anomaly-detection\av-anomaly-detection\.venv\Lib\site-packages\telegram\_message.py", line 3809, in edit_text
    return await self.get_bot().edit_message_text(
           ^^^^^^^^^^^^^^^^^^^^^^^^^^^^^^^^^^^^^^^
  File "D:\Desktop_fake\CNR\av-anomaly-detection\av-anomaly-detection\.venv\Lib\site-packages\telegram\ext\_extbot.py", line 1722, in edit_message_text
    return await super().edit_message_text(
           ^^^^^^^^^^^^^^^^^^^^^^^^^^^^^^^^
  File "D:\Desktop_fake\CNR\av-anomaly-detection\av-anomaly-detection\.venv\Lib\site-packages\telegram\_bot.py", line 4293, in edit_message_text
    return await self._send_message(
           ^^^^^^^^^^^^^^^^^^^^^^^^^
  File "D:\Desktop_fake\CNR\av-anomaly-detection\av-anomaly-detection\.venv\Lib\site-packages\telegram\ext\_extbot.py", line 629, in _send_message
    result = await super()._send_message(
             ^^^^^^^^^^^^^^^^^^^^^^^^^^^^
  File "D:\Desktop_fake\CNR\av-anomaly-detection\av-anomaly-detection\.venv\Lib\site-packages\telegram\_bot.py", line 809, in _send_message
    result = await self._post(
             ^^^^^^^^^^^^^^^^^
  File "D:\Desktop_fake\CNR\av-anomaly-detection\av-anomaly-detection\.venv\Lib\site-packages\telegram\_bot.py", line 697, in _post
    return await self._do_post(
           ^^^^^^^^^^^^^^^^^^^^
  File "D:\Desktop_fake\CNR\av-anomaly-detection\av-anomaly-detection\.venv\Lib\site-packages\telegram\ext\_extbot.py", line 369, in _do_post
    return await super()._do_post(
           ^^^^^^^^^^^^^^^^^^^^^^^
  File "D:\Desktop_fake\CNR\av-anomaly-detection\av-anomaly-detection\.venv\Lib\site-packages\telegram\_bot.py", line 726, in _do_post
    result = await request.post(
             ^^^^^^^^^^^^^^^^^^^
  File "D:\Desktop_fake\CNR\av-anomaly-detection\av-anomaly-detection\.venv\Lib\site-packages\telegram\request\_baserequest.py", line 197, in post
    result = await self._request_wrapper(
             ^^^^^^^^^^^^^^^^^^^^^^^^^^^^
  File "D:\Desktop_fake\CNR\av-anomaly-detection\av-anomaly-detection\.venv\Lib\site-packages\telegram\request\_baserequest.py", line 353, in _request_wrapper
    raise BadRequest(message)
telegram.error.BadRequest: Can't parse entities: can't find end of italic entity at byte offset 521
2025-10-13 21:06:12,636 - INFO - HTTP Request: POST https://api.telegram.org/bot8115605790:AAF2BAAGm48-Rt-d5U44Mw7rLD02yo2v1hY/getUpdates "HTTP/1.1 200 OK"
2025-10-13 21:06:22,691 - INFO - HTTP Request: POST https://api.telegram.org/bot8115605790:AAF2BAAGm48-Rt-d5U44Mw7rLD02yo2v1hY/getUpdates "HTTP/1.1 200 OK"
2025-10-13 21:06:30,081 - INFO - HTTP Request: POST https://api.telegram.org/bot8115605790:AAF2BAAGm48-Rt-d5U44Mw7rLD02yo2v1hY/getUpdates "HTTP/1.1 200 OK"
2025-10-13 21:06:38,214 - INFO - HTTP Request: POST https://api.telegram.org/bot8115605790:AAF2BAAGm48-Rt-d5U44Mw7rLD02yo2v1hY/getMe "HTTP/1.1 200 OK"
2025-10-13 21:06:38,279 - INFO - HTTP Request: POST https://api.telegram.org/bot8115605790:AAF2BAAGm48-Rt-d5U44Mw7rLD02yo2v1hY/setMyCommands "HTTP/1.1 200 OK"
2025-10-13 21:06:38,329 - INFO - HTTP Request: POST https://api.telegram.org/bot8115605790:AAF2BAAGm48-Rt-d5U44Mw7rLD02yo2v1hY/deleteWebhook "HTTP/1.1 200 OK"
2025-10-13 21:06:38,449 - INFO - HTTP Request: POST https://api.telegram.org/bot8115605790:AAF2BAAGm48-Rt-d5U44Mw7rLD02yo2v1hY/getUpdates "HTTP/1.1 200 OK"
2025-10-13 21:06:38,449 - INFO - Daddodad (454010613,Davide) called /help
2025-10-13 21:06:38,549 - INFO - HTTP Request: POST https://api.telegram.org/bot8115605790:AAF2BAAGm48-Rt-d5U44Mw7rLD02yo2v1hY/sendMessage "HTTP/1.1 200 OK"
2025-10-13 21:06:42,999 - INFO - HTTP Request: POST https://api.telegram.org/bot8115605790:AAF2BAAGm48-Rt-d5U44Mw7rLD02yo2v1hY/getUpdates "HTTP/1.1 200 OK"
2025-10-13 21:06:43,124 - INFO - HTTP Request: POST https://api.telegram.org/bot8115605790:AAF2BAAGm48-Rt-d5U44Mw7rLD02yo2v1hY/answerCallbackQuery "HTTP/1.1 200 OK"
2025-10-13 21:06:43,165 - INFO - HTTP Request: POST https://api.telegram.org/bot8115605790:AAF2BAAGm48-Rt-d5U44Mw7rLD02yo2v1hY/editMessageText "HTTP/1.1 400 Bad Request"
2025-10-13 21:06:43,165 - ERROR - No error handlers are registered, logging exception.
Traceback (most recent call last):
  File "D:\Desktop_fake\CNR\av-anomaly-detection\av-anomaly-detection\.venv\Lib\site-packages\telegram\ext\_application.py", line 1298, in process_update
    await coroutine
  File "D:\Desktop_fake\CNR\av-anomaly-detection\av-anomaly-detection\.venv\Lib\site-packages\telegram\ext\_handlers\basehandler.py", line 158, in handle_update
    return await self.callback(update, context)
           ^^^^^^^^^^^^^^^^^^^^^^^^^^^^^^^^^^^^
  File "D:\Desktop_fake\MawileBot\home\MawileBot\src\Commands.py", line 496, in help_button_handler
    await show_command_help(update, context)
  File "D:\Desktop_fake\MawileBot\home\MawileBot\src\Commands.py", line 489, in show_command_help
    await query.edit_message_text(text=text, parse_mode='MarkdownV2', reply_markup=reply_markup)
  File "D:\Desktop_fake\CNR\av-anomaly-detection\av-anomaly-detection\.venv\Lib\site-packages\telegram\_callbackquery.py", line 265, in edit_message_text
    return await self._get_message().edit_text(
           ^^^^^^^^^^^^^^^^^^^^^^^^^^^^^^^^^^^^
  File "D:\Desktop_fake\CNR\av-anomaly-detection\av-anomaly-detection\.venv\Lib\site-packages\telegram\_message.py", line 3809, in edit_text
    return await self.get_bot().edit_message_text(
           ^^^^^^^^^^^^^^^^^^^^^^^^^^^^^^^^^^^^^^^
  File "D:\Desktop_fake\CNR\av-anomaly-detection\av-anomaly-detection\.venv\Lib\site-packages\telegram\ext\_extbot.py", line 1722, in edit_message_text
    return await super().edit_message_text(
           ^^^^^^^^^^^^^^^^^^^^^^^^^^^^^^^^
  File "D:\Desktop_fake\CNR\av-anomaly-detection\av-anomaly-detection\.venv\Lib\site-packages\telegram\_bot.py", line 4293, in edit_message_text
    return await self._send_message(
           ^^^^^^^^^^^^^^^^^^^^^^^^^
  File "D:\Desktop_fake\CNR\av-anomaly-detection\av-anomaly-detection\.venv\Lib\site-packages\telegram\ext\_extbot.py", line 629, in _send_message
    result = await super()._send_message(
             ^^^^^^^^^^^^^^^^^^^^^^^^^^^^
  File "D:\Desktop_fake\CNR\av-anomaly-detection\av-anomaly-detection\.venv\Lib\site-packages\telegram\_bot.py", line 809, in _send_message
    result = await self._post(
             ^^^^^^^^^^^^^^^^^
  File "D:\Desktop_fake\CNR\av-anomaly-detection\av-anomaly-detection\.venv\Lib\site-packages\telegram\_bot.py", line 697, in _post
    return await self._do_post(
           ^^^^^^^^^^^^^^^^^^^^
  File "D:\Desktop_fake\CNR\av-anomaly-detection\av-anomaly-detection\.venv\Lib\site-packages\telegram\ext\_extbot.py", line 369, in _do_post
    return await super()._do_post(
           ^^^^^^^^^^^^^^^^^^^^^^^
  File "D:\Desktop_fake\CNR\av-anomaly-detection\av-anomaly-detection\.venv\Lib\site-packages\telegram\_bot.py", line 726, in _do_post
    result = await request.post(
             ^^^^^^^^^^^^^^^^^^^
  File "D:\Desktop_fake\CNR\av-anomaly-detection\av-anomaly-detection\.venv\Lib\site-packages\telegram\request\_baserequest.py", line 197, in post
    result = await self._request_wrapper(
             ^^^^^^^^^^^^^^^^^^^^^^^^^^^^
  File "D:\Desktop_fake\CNR\av-anomaly-detection\av-anomaly-detection\.venv\Lib\site-packages\telegram\request\_baserequest.py", line 353, in _request_wrapper
    raise BadRequest(message)
telegram.error.BadRequest: Can't parse entities: character '.' is reserved and must be escaped with the preceding '\'
2025-10-13 21:06:44,581 - INFO - HTTP Request: POST https://api.telegram.org/bot8115605790:AAF2BAAGm48-Rt-d5U44Mw7rLD02yo2v1hY/getUpdates "HTTP/1.1 200 OK"
2025-10-13 21:06:44,639 - INFO - HTTP Request: POST https://api.telegram.org/bot8115605790:AAF2BAAGm48-Rt-d5U44Mw7rLD02yo2v1hY/answerCallbackQuery "HTTP/1.1 200 OK"
2025-10-13 21:06:44,686 - INFO - HTTP Request: POST https://api.telegram.org/bot8115605790:AAF2BAAGm48-Rt-d5U44Mw7rLD02yo2v1hY/editMessageText "HTTP/1.1 400 Bad Request"
2025-10-13 21:06:44,686 - ERROR - No error handlers are registered, logging exception.
Traceback (most recent call last):
  File "D:\Desktop_fake\CNR\av-anomaly-detection\av-anomaly-detection\.venv\Lib\site-packages\telegram\ext\_application.py", line 1298, in process_update
    await coroutine
  File "D:\Desktop_fake\CNR\av-anomaly-detection\av-anomaly-detection\.venv\Lib\site-packages\telegram\ext\_handlers\basehandler.py", line 158, in handle_update
    return await self.callback(update, context)
           ^^^^^^^^^^^^^^^^^^^^^^^^^^^^^^^^^^^^
  File "D:\Desktop_fake\MawileBot\home\MawileBot\src\Commands.py", line 496, in help_button_handler
    await show_command_help(update, context)
  File "D:\Desktop_fake\MawileBot\home\MawileBot\src\Commands.py", line 489, in show_command_help
    await query.edit_message_text(text=text, parse_mode='MarkdownV2', reply_markup=reply_markup)
  File "D:\Desktop_fake\CNR\av-anomaly-detection\av-anomaly-detection\.venv\Lib\site-packages\telegram\_callbackquery.py", line 265, in edit_message_text
    return await self._get_message().edit_text(
           ^^^^^^^^^^^^^^^^^^^^^^^^^^^^^^^^^^^^
  File "D:\Desktop_fake\CNR\av-anomaly-detection\av-anomaly-detection\.venv\Lib\site-packages\telegram\_message.py", line 3809, in edit_text
    return await self.get_bot().edit_message_text(
           ^^^^^^^^^^^^^^^^^^^^^^^^^^^^^^^^^^^^^^^
  File "D:\Desktop_fake\CNR\av-anomaly-detection\av-anomaly-detection\.venv\Lib\site-packages\telegram\ext\_extbot.py", line 1722, in edit_message_text
    return await super().edit_message_text(
           ^^^^^^^^^^^^^^^^^^^^^^^^^^^^^^^^
  File "D:\Desktop_fake\CNR\av-anomaly-detection\av-anomaly-detection\.venv\Lib\site-packages\telegram\_bot.py", line 4293, in edit_message_text
    return await self._send_message(
           ^^^^^^^^^^^^^^^^^^^^^^^^^
  File "D:\Desktop_fake\CNR\av-anomaly-detection\av-anomaly-detection\.venv\Lib\site-packages\telegram\ext\_extbot.py", line 629, in _send_message
    result = await super()._send_message(
             ^^^^^^^^^^^^^^^^^^^^^^^^^^^^
  File "D:\Desktop_fake\CNR\av-anomaly-detection\av-anomaly-detection\.venv\Lib\site-packages\telegram\_bot.py", line 809, in _send_message
    result = await self._post(
             ^^^^^^^^^^^^^^^^^
  File "D:\Desktop_fake\CNR\av-anomaly-detection\av-anomaly-detection\.venv\Lib\site-packages\telegram\_bot.py", line 697, in _post
    return await self._do_post(
           ^^^^^^^^^^^^^^^^^^^^
  File "D:\Desktop_fake\CNR\av-anomaly-detection\av-anomaly-detection\.venv\Lib\site-packages\telegram\ext\_extbot.py", line 369, in _do_post
    return await super()._do_post(
           ^^^^^^^^^^^^^^^^^^^^^^^
  File "D:\Desktop_fake\CNR\av-anomaly-detection\av-anomaly-detection\.venv\Lib\site-packages\telegram\_bot.py", line 726, in _do_post
    result = await request.post(
             ^^^^^^^^^^^^^^^^^^^
  File "D:\Desktop_fake\CNR\av-anomaly-detection\av-anomaly-detection\.venv\Lib\site-packages\telegram\request\_baserequest.py", line 197, in post
    result = await self._request_wrapper(
             ^^^^^^^^^^^^^^^^^^^^^^^^^^^^
  File "D:\Desktop_fake\CNR\av-anomaly-detection\av-anomaly-detection\.venv\Lib\site-packages\telegram\request\_baserequest.py", line 353, in _request_wrapper
    raise BadRequest(message)
telegram.error.BadRequest: Can't parse entities: character '.' is reserved and must be escaped with the preceding '\'
2025-10-13 21:06:44,732 - INFO - HTTP Request: POST https://api.telegram.org/bot8115605790:AAF2BAAGm48-Rt-d5U44Mw7rLD02yo2v1hY/getUpdates "HTTP/1.1 200 OK"
2025-10-13 21:06:44,806 - INFO - HTTP Request: POST https://api.telegram.org/bot8115605790:AAF2BAAGm48-Rt-d5U44Mw7rLD02yo2v1hY/answerCallbackQuery "HTTP/1.1 200 OK"
2025-10-13 21:06:44,855 - INFO - HTTP Request: POST https://api.telegram.org/bot8115605790:AAF2BAAGm48-Rt-d5U44Mw7rLD02yo2v1hY/editMessageText "HTTP/1.1 400 Bad Request"
2025-10-13 21:06:44,855 - ERROR - No error handlers are registered, logging exception.
Traceback (most recent call last):
  File "D:\Desktop_fake\CNR\av-anomaly-detection\av-anomaly-detection\.venv\Lib\site-packages\telegram\ext\_application.py", line 1298, in process_update
    await coroutine
  File "D:\Desktop_fake\CNR\av-anomaly-detection\av-anomaly-detection\.venv\Lib\site-packages\telegram\ext\_handlers\basehandler.py", line 158, in handle_update
    return await self.callback(update, context)
           ^^^^^^^^^^^^^^^^^^^^^^^^^^^^^^^^^^^^
  File "D:\Desktop_fake\MawileBot\home\MawileBot\src\Commands.py", line 496, in help_button_handler
    await show_command_help(update, context)
  File "D:\Desktop_fake\MawileBot\home\MawileBot\src\Commands.py", line 489, in show_command_help
    await query.edit_message_text(text=text, parse_mode='MarkdownV2', reply_markup=reply_markup)
  File "D:\Desktop_fake\CNR\av-anomaly-detection\av-anomaly-detection\.venv\Lib\site-packages\telegram\_callbackquery.py", line 265, in edit_message_text
    return await self._get_message().edit_text(
           ^^^^^^^^^^^^^^^^^^^^^^^^^^^^^^^^^^^^
  File "D:\Desktop_fake\CNR\av-anomaly-detection\av-anomaly-detection\.venv\Lib\site-packages\telegram\_message.py", line 3809, in edit_text
    return await self.get_bot().edit_message_text(
           ^^^^^^^^^^^^^^^^^^^^^^^^^^^^^^^^^^^^^^^
  File "D:\Desktop_fake\CNR\av-anomaly-detection\av-anomaly-detection\.venv\Lib\site-packages\telegram\ext\_extbot.py", line 1722, in edit_message_text
    return await super().edit_message_text(
           ^^^^^^^^^^^^^^^^^^^^^^^^^^^^^^^^
  File "D:\Desktop_fake\CNR\av-anomaly-detection\av-anomaly-detection\.venv\Lib\site-packages\telegram\_bot.py", line 4293, in edit_message_text
    return await self._send_message(
           ^^^^^^^^^^^^^^^^^^^^^^^^^
  File "D:\Desktop_fake\CNR\av-anomaly-detection\av-anomaly-detection\.venv\Lib\site-packages\telegram\ext\_extbot.py", line 629, in _send_message
    result = await super()._send_message(
             ^^^^^^^^^^^^^^^^^^^^^^^^^^^^
  File "D:\Desktop_fake\CNR\av-anomaly-detection\av-anomaly-detection\.venv\Lib\site-packages\telegram\_bot.py", line 809, in _send_message
    result = await self._post(
             ^^^^^^^^^^^^^^^^^
  File "D:\Desktop_fake\CNR\av-anomaly-detection\av-anomaly-detection\.venv\Lib\site-packages\telegram\_bot.py", line 697, in _post
    return await self._do_post(
           ^^^^^^^^^^^^^^^^^^^^
  File "D:\Desktop_fake\CNR\av-anomaly-detection\av-anomaly-detection\.venv\Lib\site-packages\telegram\ext\_extbot.py", line 369, in _do_post
    return await super()._do_post(
           ^^^^^^^^^^^^^^^^^^^^^^^
  File "D:\Desktop_fake\CNR\av-anomaly-detection\av-anomaly-detection\.venv\Lib\site-packages\telegram\_bot.py", line 726, in _do_post
    result = await request.post(
             ^^^^^^^^^^^^^^^^^^^
  File "D:\Desktop_fake\CNR\av-anomaly-detection\av-anomaly-detection\.venv\Lib\site-packages\telegram\request\_baserequest.py", line 197, in post
    result = await self._request_wrapper(
             ^^^^^^^^^^^^^^^^^^^^^^^^^^^^
  File "D:\Desktop_fake\CNR\av-anomaly-detection\av-anomaly-detection\.venv\Lib\site-packages\telegram\request\_baserequest.py", line 353, in _request_wrapper
    raise BadRequest(message)
telegram.error.BadRequest: Can't parse entities: character '.' is reserved and must be escaped with the preceding '\'
2025-10-13 21:06:54,776 - INFO - HTTP Request: POST https://api.telegram.org/bot8115605790:AAF2BAAGm48-Rt-d5U44Mw7rLD02yo2v1hY/getUpdates "HTTP/1.1 200 OK"
2025-10-13 21:06:59,790 - INFO - HTTP Request: POST https://api.telegram.org/bot8115605790:AAF2BAAGm48-Rt-d5U44Mw7rLD02yo2v1hY/getUpdates "HTTP/1.1 200 OK"
2025-10-13 21:07:06,634 - INFO - HTTP Request: POST https://api.telegram.org/bot8115605790:AAF2BAAGm48-Rt-d5U44Mw7rLD02yo2v1hY/getMe "HTTP/1.1 200 OK"
2025-10-13 21:07:06,700 - INFO - HTTP Request: POST https://api.telegram.org/bot8115605790:AAF2BAAGm48-Rt-d5U44Mw7rLD02yo2v1hY/setMyCommands "HTTP/1.1 200 OK"
2025-10-13 21:07:06,733 - INFO - HTTP Request: POST https://api.telegram.org/bot8115605790:AAF2BAAGm48-Rt-d5U44Mw7rLD02yo2v1hY/deleteWebhook "HTTP/1.1 200 OK"
2025-10-13 21:07:06,850 - INFO - HTTP Request: POST https://api.telegram.org/bot8115605790:AAF2BAAGm48-Rt-d5U44Mw7rLD02yo2v1hY/getUpdates "HTTP/1.1 200 OK"
2025-10-13 21:07:06,856 - INFO - Daddodad (454010613,Davide) called /help
2025-10-13 21:07:06,962 - INFO - HTTP Request: POST https://api.telegram.org/bot8115605790:AAF2BAAGm48-Rt-d5U44Mw7rLD02yo2v1hY/sendMessage "HTTP/1.1 200 OK"
2025-10-13 21:07:09,880 - INFO - HTTP Request: POST https://api.telegram.org/bot8115605790:AAF2BAAGm48-Rt-d5U44Mw7rLD02yo2v1hY/getUpdates "HTTP/1.1 200 OK"
2025-10-13 21:07:09,980 - INFO - HTTP Request: POST https://api.telegram.org/bot8115605790:AAF2BAAGm48-Rt-d5U44Mw7rLD02yo2v1hY/answerCallbackQuery "HTTP/1.1 200 OK"
2025-10-13 21:07:10,013 - INFO - HTTP Request: POST https://api.telegram.org/bot8115605790:AAF2BAAGm48-Rt-d5U44Mw7rLD02yo2v1hY/editMessageText "HTTP/1.1 400 Bad Request"
2025-10-13 21:07:10,013 - ERROR - No error handlers are registered, logging exception.
Traceback (most recent call last):
  File "D:\Desktop_fake\CNR\av-anomaly-detection\av-anomaly-detection\.venv\Lib\site-packages\telegram\ext\_application.py", line 1298, in process_update
    await coroutine
  File "D:\Desktop_fake\CNR\av-anomaly-detection\av-anomaly-detection\.venv\Lib\site-packages\telegram\ext\_handlers\basehandler.py", line 158, in handle_update
    return await self.callback(update, context)
           ^^^^^^^^^^^^^^^^^^^^^^^^^^^^^^^^^^^^
  File "D:\Desktop_fake\MawileBot\home\MawileBot\src\Commands.py", line 497, in help_button_handler
    await show_command_help(update, context)
  File "D:\Desktop_fake\MawileBot\home\MawileBot\src\Commands.py", line 490, in show_command_help
    await query.edit_message_text(text=text, parse_mode='MarkdownV2', reply_markup=reply_markup)
  File "D:\Desktop_fake\CNR\av-anomaly-detection\av-anomaly-detection\.venv\Lib\site-packages\telegram\_callbackquery.py", line 265, in edit_message_text
    return await self._get_message().edit_text(
           ^^^^^^^^^^^^^^^^^^^^^^^^^^^^^^^^^^^^
  File "D:\Desktop_fake\CNR\av-anomaly-detection\av-anomaly-detection\.venv\Lib\site-packages\telegram\_message.py", line 3809, in edit_text
    return await self.get_bot().edit_message_text(
           ^^^^^^^^^^^^^^^^^^^^^^^^^^^^^^^^^^^^^^^
  File "D:\Desktop_fake\CNR\av-anomaly-detection\av-anomaly-detection\.venv\Lib\site-packages\telegram\ext\_extbot.py", line 1722, in edit_message_text
    return await super().edit_message_text(
           ^^^^^^^^^^^^^^^^^^^^^^^^^^^^^^^^
  File "D:\Desktop_fake\CNR\av-anomaly-detection\av-anomaly-detection\.venv\Lib\site-packages\telegram\_bot.py", line 4293, in edit_message_text
    return await self._send_message(
           ^^^^^^^^^^^^^^^^^^^^^^^^^
  File "D:\Desktop_fake\CNR\av-anomaly-detection\av-anomaly-detection\.venv\Lib\site-packages\telegram\ext\_extbot.py", line 629, in _send_message
    result = await super()._send_message(
             ^^^^^^^^^^^^^^^^^^^^^^^^^^^^
  File "D:\Desktop_fake\CNR\av-anomaly-detection\av-anomaly-detection\.venv\Lib\site-packages\telegram\_bot.py", line 809, in _send_message
    result = await self._post(
             ^^^^^^^^^^^^^^^^^
  File "D:\Desktop_fake\CNR\av-anomaly-detection\av-anomaly-detection\.venv\Lib\site-packages\telegram\_bot.py", line 697, in _post
    return await self._do_post(
           ^^^^^^^^^^^^^^^^^^^^
  File "D:\Desktop_fake\CNR\av-anomaly-detection\av-anomaly-detection\.venv\Lib\site-packages\telegram\ext\_extbot.py", line 369, in _do_post
    return await super()._do_post(
           ^^^^^^^^^^^^^^^^^^^^^^^
  File "D:\Desktop_fake\CNR\av-anomaly-detection\av-anomaly-detection\.venv\Lib\site-packages\telegram\_bot.py", line 726, in _do_post
    result = await request.post(
             ^^^^^^^^^^^^^^^^^^^
  File "D:\Desktop_fake\CNR\av-anomaly-detection\av-anomaly-detection\.venv\Lib\site-packages\telegram\request\_baserequest.py", line 197, in post
    result = await self._request_wrapper(
             ^^^^^^^^^^^^^^^^^^^^^^^^^^^^
  File "D:\Desktop_fake\CNR\av-anomaly-detection\av-anomaly-detection\.venv\Lib\site-packages\telegram\request\_baserequest.py", line 353, in _request_wrapper
    raise BadRequest(message)
telegram.error.BadRequest: Can't parse entities: character '.' is reserved and must be escaped with the preceding '\'
2025-10-13 21:07:12,617 - INFO - HTTP Request: POST https://api.telegram.org/bot8115605790:AAF2BAAGm48-Rt-d5U44Mw7rLD02yo2v1hY/getUpdates "HTTP/1.1 200 OK"
2025-10-13 21:07:12,661 - INFO - HTTP Request: POST https://api.telegram.org/bot8115605790:AAF2BAAGm48-Rt-d5U44Mw7rLD02yo2v1hY/answerCallbackQuery "HTTP/1.1 200 OK"
2025-10-13 21:07:12,697 - INFO - HTTP Request: POST https://api.telegram.org/bot8115605790:AAF2BAAGm48-Rt-d5U44Mw7rLD02yo2v1hY/editMessageText "HTTP/1.1 400 Bad Request"
2025-10-13 21:07:12,698 - ERROR - No error handlers are registered, logging exception.
Traceback (most recent call last):
  File "D:\Desktop_fake\CNR\av-anomaly-detection\av-anomaly-detection\.venv\Lib\site-packages\telegram\ext\_application.py", line 1298, in process_update
    await coroutine
  File "D:\Desktop_fake\CNR\av-anomaly-detection\av-anomaly-detection\.venv\Lib\site-packages\telegram\ext\_handlers\basehandler.py", line 158, in handle_update
    return await self.callback(update, context)
           ^^^^^^^^^^^^^^^^^^^^^^^^^^^^^^^^^^^^
  File "D:\Desktop_fake\MawileBot\home\MawileBot\src\Commands.py", line 497, in help_button_handler
    await show_command_help(update, context)
  File "D:\Desktop_fake\MawileBot\home\MawileBot\src\Commands.py", line 490, in show_command_help
    await query.edit_message_text(text=text, parse_mode='MarkdownV2', reply_markup=reply_markup)
  File "D:\Desktop_fake\CNR\av-anomaly-detection\av-anomaly-detection\.venv\Lib\site-packages\telegram\_callbackquery.py", line 265, in edit_message_text
    return await self._get_message().edit_text(
           ^^^^^^^^^^^^^^^^^^^^^^^^^^^^^^^^^^^^
  File "D:\Desktop_fake\CNR\av-anomaly-detection\av-anomaly-detection\.venv\Lib\site-packages\telegram\_message.py", line 3809, in edit_text
    return await self.get_bot().edit_message_text(
           ^^^^^^^^^^^^^^^^^^^^^^^^^^^^^^^^^^^^^^^
  File "D:\Desktop_fake\CNR\av-anomaly-detection\av-anomaly-detection\.venv\Lib\site-packages\telegram\ext\_extbot.py", line 1722, in edit_message_text
    return await super().edit_message_text(
           ^^^^^^^^^^^^^^^^^^^^^^^^^^^^^^^^
  File "D:\Desktop_fake\CNR\av-anomaly-detection\av-anomaly-detection\.venv\Lib\site-packages\telegram\_bot.py", line 4293, in edit_message_text
    return await self._send_message(
           ^^^^^^^^^^^^^^^^^^^^^^^^^
  File "D:\Desktop_fake\CNR\av-anomaly-detection\av-anomaly-detection\.venv\Lib\site-packages\telegram\ext\_extbot.py", line 629, in _send_message
    result = await super()._send_message(
             ^^^^^^^^^^^^^^^^^^^^^^^^^^^^
  File "D:\Desktop_fake\CNR\av-anomaly-detection\av-anomaly-detection\.venv\Lib\site-packages\telegram\_bot.py", line 809, in _send_message
    result = await self._post(
             ^^^^^^^^^^^^^^^^^
  File "D:\Desktop_fake\CNR\av-anomaly-detection\av-anomaly-detection\.venv\Lib\site-packages\telegram\_bot.py", line 697, in _post
    return await self._do_post(
           ^^^^^^^^^^^^^^^^^^^^
  File "D:\Desktop_fake\CNR\av-anomaly-detection\av-anomaly-detection\.venv\Lib\site-packages\telegram\ext\_extbot.py", line 369, in _do_post
    return await super()._do_post(
           ^^^^^^^^^^^^^^^^^^^^^^^
  File "D:\Desktop_fake\CNR\av-anomaly-detection\av-anomaly-detection\.venv\Lib\site-packages\telegram\_bot.py", line 726, in _do_post
    result = await request.post(
             ^^^^^^^^^^^^^^^^^^^
  File "D:\Desktop_fake\CNR\av-anomaly-detection\av-anomaly-detection\.venv\Lib\site-packages\telegram\request\_baserequest.py", line 197, in post
    result = await self._request_wrapper(
             ^^^^^^^^^^^^^^^^^^^^^^^^^^^^
  File "D:\Desktop_fake\CNR\av-anomaly-detection\av-anomaly-detection\.venv\Lib\site-packages\telegram\request\_baserequest.py", line 353, in _request_wrapper
    raise BadRequest(message)
telegram.error.BadRequest: Can't parse entities: character '.' is reserved and must be escaped with the preceding '\'
2025-10-13 21:07:19,330 - INFO - HTTP Request: POST https://api.telegram.org/bot8115605790:AAF2BAAGm48-Rt-d5U44Mw7rLD02yo2v1hY/getUpdates "HTTP/1.1 200 OK"
2025-10-13 21:07:19,550 - INFO - HTTP Request: POST https://api.telegram.org/bot8115605790:AAF2BAAGm48-Rt-d5U44Mw7rLD02yo2v1hY/answerCallbackQuery "HTTP/1.1 200 OK"
2025-10-13 21:07:19,598 - INFO - HTTP Request: POST https://api.telegram.org/bot8115605790:AAF2BAAGm48-Rt-d5U44Mw7rLD02yo2v1hY/editMessageText "HTTP/1.1 400 Bad Request"
2025-10-13 21:07:19,599 - ERROR - No error handlers are registered, logging exception.
Traceback (most recent call last):
  File "D:\Desktop_fake\CNR\av-anomaly-detection\av-anomaly-detection\.venv\Lib\site-packages\telegram\ext\_application.py", line 1298, in process_update
    await coroutine
  File "D:\Desktop_fake\CNR\av-anomaly-detection\av-anomaly-detection\.venv\Lib\site-packages\telegram\ext\_handlers\basehandler.py", line 158, in handle_update
    return await self.callback(update, context)
           ^^^^^^^^^^^^^^^^^^^^^^^^^^^^^^^^^^^^
  File "D:\Desktop_fake\MawileBot\home\MawileBot\src\Commands.py", line 497, in help_button_handler
    await show_command_help(update, context)
  File "D:\Desktop_fake\MawileBot\home\MawileBot\src\Commands.py", line 490, in show_command_help
    await query.edit_message_text(text=text, parse_mode='MarkdownV2', reply_markup=reply_markup)
  File "D:\Desktop_fake\CNR\av-anomaly-detection\av-anomaly-detection\.venv\Lib\site-packages\telegram\_callbackquery.py", line 265, in edit_message_text
    return await self._get_message().edit_text(
           ^^^^^^^^^^^^^^^^^^^^^^^^^^^^^^^^^^^^
  File "D:\Desktop_fake\CNR\av-anomaly-detection\av-anomaly-detection\.venv\Lib\site-packages\telegram\_message.py", line 3809, in edit_text
    return await self.get_bot().edit_message_text(
           ^^^^^^^^^^^^^^^^^^^^^^^^^^^^^^^^^^^^^^^
  File "D:\Desktop_fake\CNR\av-anomaly-detection\av-anomaly-detection\.venv\Lib\site-packages\telegram\ext\_extbot.py", line 1722, in edit_message_text
    return await super().edit_message_text(
           ^^^^^^^^^^^^^^^^^^^^^^^^^^^^^^^^
  File "D:\Desktop_fake\CNR\av-anomaly-detection\av-anomaly-detection\.venv\Lib\site-packages\telegram\_bot.py", line 4293, in edit_message_text
    return await self._send_message(
           ^^^^^^^^^^^^^^^^^^^^^^^^^
  File "D:\Desktop_fake\CNR\av-anomaly-detection\av-anomaly-detection\.venv\Lib\site-packages\telegram\ext\_extbot.py", line 629, in _send_message
    result = await super()._send_message(
             ^^^^^^^^^^^^^^^^^^^^^^^^^^^^
  File "D:\Desktop_fake\CNR\av-anomaly-detection\av-anomaly-detection\.venv\Lib\site-packages\telegram\_bot.py", line 809, in _send_message
    result = await self._post(
             ^^^^^^^^^^^^^^^^^
  File "D:\Desktop_fake\CNR\av-anomaly-detection\av-anomaly-detection\.venv\Lib\site-packages\telegram\_bot.py", line 697, in _post
    return await self._do_post(
           ^^^^^^^^^^^^^^^^^^^^
  File "D:\Desktop_fake\CNR\av-anomaly-detection\av-anomaly-detection\.venv\Lib\site-packages\telegram\ext\_extbot.py", line 369, in _do_post
    return await super()._do_post(
           ^^^^^^^^^^^^^^^^^^^^^^^
  File "D:\Desktop_fake\CNR\av-anomaly-detection\av-anomaly-detection\.venv\Lib\site-packages\telegram\_bot.py", line 726, in _do_post
    result = await request.post(
             ^^^^^^^^^^^^^^^^^^^
  File "D:\Desktop_fake\CNR\av-anomaly-detection\av-anomaly-detection\.venv\Lib\site-packages\telegram\request\_baserequest.py", line 197, in post
    result = await self._request_wrapper(
             ^^^^^^^^^^^^^^^^^^^^^^^^^^^^
  File "D:\Desktop_fake\CNR\av-anomaly-detection\av-anomaly-detection\.venv\Lib\site-packages\telegram\request\_baserequest.py", line 353, in _request_wrapper
    raise BadRequest(message)
telegram.error.BadRequest: Can't parse entities: character '.' is reserved and must be escaped with the preceding '\'
2025-10-13 21:07:29,380 - INFO - HTTP Request: POST https://api.telegram.org/bot8115605790:AAF2BAAGm48-Rt-d5U44Mw7rLD02yo2v1hY/getUpdates "HTTP/1.1 200 OK"
2025-10-13 21:07:39,421 - INFO - HTTP Request: POST https://api.telegram.org/bot8115605790:AAF2BAAGm48-Rt-d5U44Mw7rLD02yo2v1hY/getUpdates "HTTP/1.1 200 OK"
2025-10-13 21:07:46,411 - INFO - HTTP Request: POST https://api.telegram.org/bot8115605790:AAF2BAAGm48-Rt-d5U44Mw7rLD02yo2v1hY/getUpdates "HTTP/1.1 200 OK"
2025-10-13 21:07:53,281 - INFO - HTTP Request: POST https://api.telegram.org/bot8115605790:AAF2BAAGm48-Rt-d5U44Mw7rLD02yo2v1hY/getMe "HTTP/1.1 200 OK"
2025-10-13 21:07:53,346 - INFO - HTTP Request: POST https://api.telegram.org/bot8115605790:AAF2BAAGm48-Rt-d5U44Mw7rLD02yo2v1hY/setMyCommands "HTTP/1.1 200 OK"
2025-10-13 21:07:53,384 - INFO - HTTP Request: POST https://api.telegram.org/bot8115605790:AAF2BAAGm48-Rt-d5U44Mw7rLD02yo2v1hY/deleteWebhook "HTTP/1.1 200 OK"
2025-10-13 21:07:53,494 - INFO - HTTP Request: POST https://api.telegram.org/bot8115605790:AAF2BAAGm48-Rt-d5U44Mw7rLD02yo2v1hY/getUpdates "HTTP/1.1 200 OK"
2025-10-13 21:07:53,494 - INFO - Daddodad (454010613,Davide) called /help
2025-10-13 21:07:53,582 - INFO - HTTP Request: POST https://api.telegram.org/bot8115605790:AAF2BAAGm48-Rt-d5U44Mw7rLD02yo2v1hY/sendMessage "HTTP/1.1 200 OK"
2025-10-13 21:07:54,661 - INFO - HTTP Request: POST https://api.telegram.org/bot8115605790:AAF2BAAGm48-Rt-d5U44Mw7rLD02yo2v1hY/getUpdates "HTTP/1.1 200 OK"
2025-10-13 21:07:54,715 - INFO - HTTP Request: POST https://api.telegram.org/bot8115605790:AAF2BAAGm48-Rt-d5U44Mw7rLD02yo2v1hY/answerCallbackQuery "HTTP/1.1 200 OK"
2025-10-13 21:07:54,759 - INFO - HTTP Request: POST https://api.telegram.org/bot8115605790:AAF2BAAGm48-Rt-d5U44Mw7rLD02yo2v1hY/editMessageText "HTTP/1.1 400 Bad Request"
2025-10-13 21:07:54,760 - ERROR - No error handlers are registered, logging exception.
Traceback (most recent call last):
  File "D:\Desktop_fake\CNR\av-anomaly-detection\av-anomaly-detection\.venv\Lib\site-packages\telegram\ext\_application.py", line 1298, in process_update
    await coroutine
  File "D:\Desktop_fake\CNR\av-anomaly-detection\av-anomaly-detection\.venv\Lib\site-packages\telegram\ext\_handlers\basehandler.py", line 158, in handle_update
    return await self.callback(update, context)
           ^^^^^^^^^^^^^^^^^^^^^^^^^^^^^^^^^^^^
  File "D:\Desktop_fake\MawileBot\home\MawileBot\src\Commands.py", line 497, in help_button_handler
    await show_command_help(update, context)
  File "D:\Desktop_fake\MawileBot\home\MawileBot\src\Commands.py", line 490, in show_command_help
    await query.edit_message_text(text=text, parse_mode='MarkdownV2', reply_markup=reply_markup)
  File "D:\Desktop_fake\CNR\av-anomaly-detection\av-anomaly-detection\.venv\Lib\site-packages\telegram\_callbackquery.py", line 265, in edit_message_text
    return await self._get_message().edit_text(
           ^^^^^^^^^^^^^^^^^^^^^^^^^^^^^^^^^^^^
  File "D:\Desktop_fake\CNR\av-anomaly-detection\av-anomaly-detection\.venv\Lib\site-packages\telegram\_message.py", line 3809, in edit_text
    return await self.get_bot().edit_message_text(
           ^^^^^^^^^^^^^^^^^^^^^^^^^^^^^^^^^^^^^^^
  File "D:\Desktop_fake\CNR\av-anomaly-detection\av-anomaly-detection\.venv\Lib\site-packages\telegram\ext\_extbot.py", line 1722, in edit_message_text
    return await super().edit_message_text(
           ^^^^^^^^^^^^^^^^^^^^^^^^^^^^^^^^
  File "D:\Desktop_fake\CNR\av-anomaly-detection\av-anomaly-detection\.venv\Lib\site-packages\telegram\_bot.py", line 4293, in edit_message_text
    return await self._send_message(
           ^^^^^^^^^^^^^^^^^^^^^^^^^
  File "D:\Desktop_fake\CNR\av-anomaly-detection\av-anomaly-detection\.venv\Lib\site-packages\telegram\ext\_extbot.py", line 629, in _send_message
    result = await super()._send_message(
             ^^^^^^^^^^^^^^^^^^^^^^^^^^^^
  File "D:\Desktop_fake\CNR\av-anomaly-detection\av-anomaly-detection\.venv\Lib\site-packages\telegram\_bot.py", line 809, in _send_message
    result = await self._post(
             ^^^^^^^^^^^^^^^^^
  File "D:\Desktop_fake\CNR\av-anomaly-detection\av-anomaly-detection\.venv\Lib\site-packages\telegram\_bot.py", line 697, in _post
    return await self._do_post(
           ^^^^^^^^^^^^^^^^^^^^
  File "D:\Desktop_fake\CNR\av-anomaly-detection\av-anomaly-detection\.venv\Lib\site-packages\telegram\ext\_extbot.py", line 369, in _do_post
    return await super()._do_post(
           ^^^^^^^^^^^^^^^^^^^^^^^
  File "D:\Desktop_fake\CNR\av-anomaly-detection\av-anomaly-detection\.venv\Lib\site-packages\telegram\_bot.py", line 726, in _do_post
    result = await request.post(
             ^^^^^^^^^^^^^^^^^^^
  File "D:\Desktop_fake\CNR\av-anomaly-detection\av-anomaly-detection\.venv\Lib\site-packages\telegram\request\_baserequest.py", line 197, in post
    result = await self._request_wrapper(
             ^^^^^^^^^^^^^^^^^^^^^^^^^^^^
  File "D:\Desktop_fake\CNR\av-anomaly-detection\av-anomaly-detection\.venv\Lib\site-packages\telegram\request\_baserequest.py", line 353, in _request_wrapper
    raise BadRequest(message)
telegram.error.BadRequest: Can't parse entities: can't find end of italic entity at byte offset 547
2025-10-13 21:07:56,227 - INFO - HTTP Request: POST https://api.telegram.org/bot8115605790:AAF2BAAGm48-Rt-d5U44Mw7rLD02yo2v1hY/getUpdates "HTTP/1.1 200 OK"
2025-10-13 21:07:56,261 - INFO - HTTP Request: POST https://api.telegram.org/bot8115605790:AAF2BAAGm48-Rt-d5U44Mw7rLD02yo2v1hY/answerCallbackQuery "HTTP/1.1 200 OK"
2025-10-13 21:07:56,312 - INFO - HTTP Request: POST https://api.telegram.org/bot8115605790:AAF2BAAGm48-Rt-d5U44Mw7rLD02yo2v1hY/editMessageText "HTTP/1.1 400 Bad Request"
2025-10-13 21:07:56,312 - ERROR - No error handlers are registered, logging exception.
Traceback (most recent call last):
  File "D:\Desktop_fake\CNR\av-anomaly-detection\av-anomaly-detection\.venv\Lib\site-packages\telegram\ext\_application.py", line 1298, in process_update
    await coroutine
  File "D:\Desktop_fake\CNR\av-anomaly-detection\av-anomaly-detection\.venv\Lib\site-packages\telegram\ext\_handlers\basehandler.py", line 158, in handle_update
    return await self.callback(update, context)
           ^^^^^^^^^^^^^^^^^^^^^^^^^^^^^^^^^^^^
  File "D:\Desktop_fake\MawileBot\home\MawileBot\src\Commands.py", line 497, in help_button_handler
    await show_command_help(update, context)
  File "D:\Desktop_fake\MawileBot\home\MawileBot\src\Commands.py", line 490, in show_command_help
    await query.edit_message_text(text=text, parse_mode='MarkdownV2', reply_markup=reply_markup)
  File "D:\Desktop_fake\CNR\av-anomaly-detection\av-anomaly-detection\.venv\Lib\site-packages\telegram\_callbackquery.py", line 265, in edit_message_text
    return await self._get_message().edit_text(
           ^^^^^^^^^^^^^^^^^^^^^^^^^^^^^^^^^^^^
  File "D:\Desktop_fake\CNR\av-anomaly-detection\av-anomaly-detection\.venv\Lib\site-packages\telegram\_message.py", line 3809, in edit_text
    return await self.get_bot().edit_message_text(
           ^^^^^^^^^^^^^^^^^^^^^^^^^^^^^^^^^^^^^^^
  File "D:\Desktop_fake\CNR\av-anomaly-detection\av-anomaly-detection\.venv\Lib\site-packages\telegram\ext\_extbot.py", line 1722, in edit_message_text
    return await super().edit_message_text(
           ^^^^^^^^^^^^^^^^^^^^^^^^^^^^^^^^
  File "D:\Desktop_fake\CNR\av-anomaly-detection\av-anomaly-detection\.venv\Lib\site-packages\telegram\_bot.py", line 4293, in edit_message_text
    return await self._send_message(
           ^^^^^^^^^^^^^^^^^^^^^^^^^
  File "D:\Desktop_fake\CNR\av-anomaly-detection\av-anomaly-detection\.venv\Lib\site-packages\telegram\ext\_extbot.py", line 629, in _send_message
    result = await super()._send_message(
             ^^^^^^^^^^^^^^^^^^^^^^^^^^^^
  File "D:\Desktop_fake\CNR\av-anomaly-detection\av-anomaly-detection\.venv\Lib\site-packages\telegram\_bot.py", line 809, in _send_message
    result = await self._post(
             ^^^^^^^^^^^^^^^^^
  File "D:\Desktop_fake\CNR\av-anomaly-detection\av-anomaly-detection\.venv\Lib\site-packages\telegram\_bot.py", line 697, in _post
    return await self._do_post(
           ^^^^^^^^^^^^^^^^^^^^
  File "D:\Desktop_fake\CNR\av-anomaly-detection\av-anomaly-detection\.venv\Lib\site-packages\telegram\ext\_extbot.py", line 369, in _do_post
    return await super()._do_post(
           ^^^^^^^^^^^^^^^^^^^^^^^
  File "D:\Desktop_fake\CNR\av-anomaly-detection\av-anomaly-detection\.venv\Lib\site-packages\telegram\_bot.py", line 726, in _do_post
    result = await request.post(
             ^^^^^^^^^^^^^^^^^^^
  File "D:\Desktop_fake\CNR\av-anomaly-detection\av-anomaly-detection\.venv\Lib\site-packages\telegram\request\_baserequest.py", line 197, in post
    result = await self._request_wrapper(
             ^^^^^^^^^^^^^^^^^^^^^^^^^^^^
  File "D:\Desktop_fake\CNR\av-anomaly-detection\av-anomaly-detection\.venv\Lib\site-packages\telegram\request\_baserequest.py", line 353, in _request_wrapper
    raise BadRequest(message)
telegram.error.BadRequest: Can't parse entities: can't find end of italic entity at byte offset 547
2025-10-13 21:08:06,272 - INFO - HTTP Request: POST https://api.telegram.org/bot8115605790:AAF2BAAGm48-Rt-d5U44Mw7rLD02yo2v1hY/getUpdates "HTTP/1.1 200 OK"
2025-10-13 21:08:14,772 - INFO - HTTP Request: POST https://api.telegram.org/bot8115605790:AAF2BAAGm48-Rt-d5U44Mw7rLD02yo2v1hY/getUpdates "HTTP/1.1 200 OK"
2025-10-13 21:08:21,659 - INFO - HTTP Request: POST https://api.telegram.org/bot8115605790:AAF2BAAGm48-Rt-d5U44Mw7rLD02yo2v1hY/getMe "HTTP/1.1 200 OK"
2025-10-13 21:08:21,708 - INFO - HTTP Request: POST https://api.telegram.org/bot8115605790:AAF2BAAGm48-Rt-d5U44Mw7rLD02yo2v1hY/setMyCommands "HTTP/1.1 200 OK"
2025-10-13 21:08:21,756 - INFO - HTTP Request: POST https://api.telegram.org/bot8115605790:AAF2BAAGm48-Rt-d5U44Mw7rLD02yo2v1hY/deleteWebhook "HTTP/1.1 200 OK"
2025-10-13 21:08:21,883 - INFO - HTTP Request: POST https://api.telegram.org/bot8115605790:AAF2BAAGm48-Rt-d5U44Mw7rLD02yo2v1hY/getUpdates "HTTP/1.1 200 OK"
2025-10-13 21:08:21,885 - INFO - Daddodad (454010613,Davide) called /help
2025-10-13 21:08:21,959 - INFO - HTTP Request: POST https://api.telegram.org/bot8115605790:AAF2BAAGm48-Rt-d5U44Mw7rLD02yo2v1hY/sendMessage "HTTP/1.1 200 OK"
2025-10-13 21:08:24,160 - INFO - HTTP Request: POST https://api.telegram.org/bot8115605790:AAF2BAAGm48-Rt-d5U44Mw7rLD02yo2v1hY/getUpdates "HTTP/1.1 200 OK"
2025-10-13 21:08:24,251 - INFO - HTTP Request: POST https://api.telegram.org/bot8115605790:AAF2BAAGm48-Rt-d5U44Mw7rLD02yo2v1hY/answerCallbackQuery "HTTP/1.1 200 OK"
2025-10-13 21:08:24,293 - INFO - HTTP Request: POST https://api.telegram.org/bot8115605790:AAF2BAAGm48-Rt-d5U44Mw7rLD02yo2v1hY/editMessageText "HTTP/1.1 400 Bad Request"
2025-10-13 21:08:24,293 - ERROR - No error handlers are registered, logging exception.
Traceback (most recent call last):
  File "D:\Desktop_fake\CNR\av-anomaly-detection\av-anomaly-detection\.venv\Lib\site-packages\telegram\ext\_application.py", line 1298, in process_update
    await coroutine
  File "D:\Desktop_fake\CNR\av-anomaly-detection\av-anomaly-detection\.venv\Lib\site-packages\telegram\ext\_handlers\basehandler.py", line 158, in handle_update
    return await self.callback(update, context)
           ^^^^^^^^^^^^^^^^^^^^^^^^^^^^^^^^^^^^
  File "D:\Desktop_fake\MawileBot\home\MawileBot\src\Commands.py", line 497, in help_button_handler
    await show_command_help(update, context)
  File "D:\Desktop_fake\MawileBot\home\MawileBot\src\Commands.py", line 490, in show_command_help
    await query.edit_message_text(text=text, parse_mode='MarkdownV2', reply_markup=reply_markup)
  File "D:\Desktop_fake\CNR\av-anomaly-detection\av-anomaly-detection\.venv\Lib\site-packages\telegram\_callbackquery.py", line 265, in edit_message_text
    return await self._get_message().edit_text(
           ^^^^^^^^^^^^^^^^^^^^^^^^^^^^^^^^^^^^
  File "D:\Desktop_fake\CNR\av-anomaly-detection\av-anomaly-detection\.venv\Lib\site-packages\telegram\_message.py", line 3809, in edit_text
    return await self.get_bot().edit_message_text(
           ^^^^^^^^^^^^^^^^^^^^^^^^^^^^^^^^^^^^^^^
  File "D:\Desktop_fake\CNR\av-anomaly-detection\av-anomaly-detection\.venv\Lib\site-packages\telegram\ext\_extbot.py", line 1722, in edit_message_text
    return await super().edit_message_text(
           ^^^^^^^^^^^^^^^^^^^^^^^^^^^^^^^^
  File "D:\Desktop_fake\CNR\av-anomaly-detection\av-anomaly-detection\.venv\Lib\site-packages\telegram\_bot.py", line 4293, in edit_message_text
    return await self._send_message(
           ^^^^^^^^^^^^^^^^^^^^^^^^^
  File "D:\Desktop_fake\CNR\av-anomaly-detection\av-anomaly-detection\.venv\Lib\site-packages\telegram\ext\_extbot.py", line 629, in _send_message
    result = await super()._send_message(
             ^^^^^^^^^^^^^^^^^^^^^^^^^^^^
  File "D:\Desktop_fake\CNR\av-anomaly-detection\av-anomaly-detection\.venv\Lib\site-packages\telegram\_bot.py", line 809, in _send_message
    result = await self._post(
             ^^^^^^^^^^^^^^^^^
  File "D:\Desktop_fake\CNR\av-anomaly-detection\av-anomaly-detection\.venv\Lib\site-packages\telegram\_bot.py", line 697, in _post
    return await self._do_post(
           ^^^^^^^^^^^^^^^^^^^^
  File "D:\Desktop_fake\CNR\av-anomaly-detection\av-anomaly-detection\.venv\Lib\site-packages\telegram\ext\_extbot.py", line 369, in _do_post
    return await super()._do_post(
           ^^^^^^^^^^^^^^^^^^^^^^^
  File "D:\Desktop_fake\CNR\av-anomaly-detection\av-anomaly-detection\.venv\Lib\site-packages\telegram\_bot.py", line 726, in _do_post
    result = await request.post(
             ^^^^^^^^^^^^^^^^^^^
  File "D:\Desktop_fake\CNR\av-anomaly-detection\av-anomaly-detection\.venv\Lib\site-packages\telegram\request\_baserequest.py", line 197, in post
    result = await self._request_wrapper(
             ^^^^^^^^^^^^^^^^^^^^^^^^^^^^
  File "D:\Desktop_fake\CNR\av-anomaly-detection\av-anomaly-detection\.venv\Lib\site-packages\telegram\request\_baserequest.py", line 353, in _request_wrapper
    raise BadRequest(message)
telegram.error.BadRequest: Can't parse entities: can't find end of italic entity at byte offset 547
2025-10-13 21:08:25,386 - INFO - HTTP Request: POST https://api.telegram.org/bot8115605790:AAF2BAAGm48-Rt-d5U44Mw7rLD02yo2v1hY/getUpdates "HTTP/1.1 200 OK"
2025-10-13 21:08:25,476 - INFO - HTTP Request: POST https://api.telegram.org/bot8115605790:AAF2BAAGm48-Rt-d5U44Mw7rLD02yo2v1hY/answerCallbackQuery "HTTP/1.1 200 OK"
2025-10-13 21:08:25,726 - INFO - HTTP Request: POST https://api.telegram.org/bot8115605790:AAF2BAAGm48-Rt-d5U44Mw7rLD02yo2v1hY/editMessageText "HTTP/1.1 200 OK"
2025-10-13 21:08:26,475 - INFO - HTTP Request: POST https://api.telegram.org/bot8115605790:AAF2BAAGm48-Rt-d5U44Mw7rLD02yo2v1hY/getUpdates "HTTP/1.1 200 OK"
2025-10-13 21:08:26,594 - INFO - HTTP Request: POST https://api.telegram.org/bot8115605790:AAF2BAAGm48-Rt-d5U44Mw7rLD02yo2v1hY/answerCallbackQuery "HTTP/1.1 200 OK"
2025-10-13 21:08:26,729 - INFO - HTTP Request: POST https://api.telegram.org/bot8115605790:AAF2BAAGm48-Rt-d5U44Mw7rLD02yo2v1hY/editMessageText "HTTP/1.1 200 OK"
2025-10-13 21:08:27,792 - INFO - HTTP Request: POST https://api.telegram.org/bot8115605790:AAF2BAAGm48-Rt-d5U44Mw7rLD02yo2v1hY/getUpdates "HTTP/1.1 200 OK"
2025-10-13 21:08:27,891 - INFO - HTTP Request: POST https://api.telegram.org/bot8115605790:AAF2BAAGm48-Rt-d5U44Mw7rLD02yo2v1hY/answerCallbackQuery "HTTP/1.1 200 OK"
2025-10-13 21:08:27,926 - INFO - HTTP Request: POST https://api.telegram.org/bot8115605790:AAF2BAAGm48-Rt-d5U44Mw7rLD02yo2v1hY/editMessageText "HTTP/1.1 400 Bad Request"
2025-10-13 21:08:27,926 - ERROR - No error handlers are registered, logging exception.
Traceback (most recent call last):
  File "D:\Desktop_fake\CNR\av-anomaly-detection\av-anomaly-detection\.venv\Lib\site-packages\telegram\ext\_application.py", line 1298, in process_update
    await coroutine
  File "D:\Desktop_fake\CNR\av-anomaly-detection\av-anomaly-detection\.venv\Lib\site-packages\telegram\ext\_handlers\basehandler.py", line 158, in handle_update
    return await self.callback(update, context)
           ^^^^^^^^^^^^^^^^^^^^^^^^^^^^^^^^^^^^
  File "D:\Desktop_fake\MawileBot\home\MawileBot\src\Commands.py", line 497, in help_button_handler
    await show_command_help(update, context)
  File "D:\Desktop_fake\MawileBot\home\MawileBot\src\Commands.py", line 490, in show_command_help
    await query.edit_message_text(text=text, parse_mode='MarkdownV2', reply_markup=reply_markup)
  File "D:\Desktop_fake\CNR\av-anomaly-detection\av-anomaly-detection\.venv\Lib\site-packages\telegram\_callbackquery.py", line 265, in edit_message_text
    return await self._get_message().edit_text(
           ^^^^^^^^^^^^^^^^^^^^^^^^^^^^^^^^^^^^
  File "D:\Desktop_fake\CNR\av-anomaly-detection\av-anomaly-detection\.venv\Lib\site-packages\telegram\_message.py", line 3809, in edit_text
    return await self.get_bot().edit_message_text(
           ^^^^^^^^^^^^^^^^^^^^^^^^^^^^^^^^^^^^^^^
  File "D:\Desktop_fake\CNR\av-anomaly-detection\av-anomaly-detection\.venv\Lib\site-packages\telegram\ext\_extbot.py", line 1722, in edit_message_text
    return await super().edit_message_text(
           ^^^^^^^^^^^^^^^^^^^^^^^^^^^^^^^^
  File "D:\Desktop_fake\CNR\av-anomaly-detection\av-anomaly-detection\.venv\Lib\site-packages\telegram\_bot.py", line 4293, in edit_message_text
    return await self._send_message(
           ^^^^^^^^^^^^^^^^^^^^^^^^^
  File "D:\Desktop_fake\CNR\av-anomaly-detection\av-anomaly-detection\.venv\Lib\site-packages\telegram\ext\_extbot.py", line 629, in _send_message
    result = await super()._send_message(
             ^^^^^^^^^^^^^^^^^^^^^^^^^^^^
  File "D:\Desktop_fake\CNR\av-anomaly-detection\av-anomaly-detection\.venv\Lib\site-packages\telegram\_bot.py", line 809, in _send_message
    result = await self._post(
             ^^^^^^^^^^^^^^^^^
  File "D:\Desktop_fake\CNR\av-anomaly-detection\av-anomaly-detection\.venv\Lib\site-packages\telegram\_bot.py", line 697, in _post
    return await self._do_post(
           ^^^^^^^^^^^^^^^^^^^^
  File "D:\Desktop_fake\CNR\av-anomaly-detection\av-anomaly-detection\.venv\Lib\site-packages\telegram\ext\_extbot.py", line 369, in _do_post
    return await super()._do_post(
           ^^^^^^^^^^^^^^^^^^^^^^^
  File "D:\Desktop_fake\CNR\av-anomaly-detection\av-anomaly-detection\.venv\Lib\site-packages\telegram\_bot.py", line 726, in _do_post
    result = await request.post(
             ^^^^^^^^^^^^^^^^^^^
  File "D:\Desktop_fake\CNR\av-anomaly-detection\av-anomaly-detection\.venv\Lib\site-packages\telegram\request\_baserequest.py", line 197, in post
    result = await self._request_wrapper(
             ^^^^^^^^^^^^^^^^^^^^^^^^^^^^
  File "D:\Desktop_fake\CNR\av-anomaly-detection\av-anomaly-detection\.venv\Lib\site-packages\telegram\request\_baserequest.py", line 353, in _request_wrapper
    raise BadRequest(message)
telegram.error.BadRequest: Can't parse entities: can't find end of italic entity at byte offset 547
2025-10-13 21:08:32,059 - INFO - HTTP Request: POST https://api.telegram.org/bot8115605790:AAF2BAAGm48-Rt-d5U44Mw7rLD02yo2v1hY/getUpdates "HTTP/1.1 200 OK"
2025-10-13 21:08:32,127 - INFO - HTTP Request: POST https://api.telegram.org/bot8115605790:AAF2BAAGm48-Rt-d5U44Mw7rLD02yo2v1hY/answerCallbackQuery "HTTP/1.1 200 OK"
2025-10-13 21:08:32,158 - INFO - HTTP Request: POST https://api.telegram.org/bot8115605790:AAF2BAAGm48-Rt-d5U44Mw7rLD02yo2v1hY/editMessageText "HTTP/1.1 400 Bad Request"
2025-10-13 21:08:32,158 - ERROR - No error handlers are registered, logging exception.
Traceback (most recent call last):
  File "D:\Desktop_fake\CNR\av-anomaly-detection\av-anomaly-detection\.venv\Lib\site-packages\telegram\ext\_application.py", line 1298, in process_update
    await coroutine
  File "D:\Desktop_fake\CNR\av-anomaly-detection\av-anomaly-detection\.venv\Lib\site-packages\telegram\ext\_handlers\basehandler.py", line 158, in handle_update
    return await self.callback(update, context)
           ^^^^^^^^^^^^^^^^^^^^^^^^^^^^^^^^^^^^
  File "D:\Desktop_fake\MawileBot\home\MawileBot\src\Commands.py", line 497, in help_button_handler
    await show_command_help(update, context)
  File "D:\Desktop_fake\MawileBot\home\MawileBot\src\Commands.py", line 490, in show_command_help
    await query.edit_message_text(text=text, parse_mode='MarkdownV2', reply_markup=reply_markup)
  File "D:\Desktop_fake\CNR\av-anomaly-detection\av-anomaly-detection\.venv\Lib\site-packages\telegram\_callbackquery.py", line 265, in edit_message_text
    return await self._get_message().edit_text(
           ^^^^^^^^^^^^^^^^^^^^^^^^^^^^^^^^^^^^
  File "D:\Desktop_fake\CNR\av-anomaly-detection\av-anomaly-detection\.venv\Lib\site-packages\telegram\_message.py", line 3809, in edit_text
    return await self.get_bot().edit_message_text(
           ^^^^^^^^^^^^^^^^^^^^^^^^^^^^^^^^^^^^^^^
  File "D:\Desktop_fake\CNR\av-anomaly-detection\av-anomaly-detection\.venv\Lib\site-packages\telegram\ext\_extbot.py", line 1722, in edit_message_text
    return await super().edit_message_text(
           ^^^^^^^^^^^^^^^^^^^^^^^^^^^^^^^^
  File "D:\Desktop_fake\CNR\av-anomaly-detection\av-anomaly-detection\.venv\Lib\site-packages\telegram\_bot.py", line 4293, in edit_message_text
    return await self._send_message(
           ^^^^^^^^^^^^^^^^^^^^^^^^^
  File "D:\Desktop_fake\CNR\av-anomaly-detection\av-anomaly-detection\.venv\Lib\site-packages\telegram\ext\_extbot.py", line 629, in _send_message
    result = await super()._send_message(
             ^^^^^^^^^^^^^^^^^^^^^^^^^^^^
  File "D:\Desktop_fake\CNR\av-anomaly-detection\av-anomaly-detection\.venv\Lib\site-packages\telegram\_bot.py", line 809, in _send_message
    result = await self._post(
             ^^^^^^^^^^^^^^^^^
  File "D:\Desktop_fake\CNR\av-anomaly-detection\av-anomaly-detection\.venv\Lib\site-packages\telegram\_bot.py", line 697, in _post
    return await self._do_post(
           ^^^^^^^^^^^^^^^^^^^^
  File "D:\Desktop_fake\CNR\av-anomaly-detection\av-anomaly-detection\.venv\Lib\site-packages\telegram\ext\_extbot.py", line 369, in _do_post
    return await super()._do_post(
           ^^^^^^^^^^^^^^^^^^^^^^^
  File "D:\Desktop_fake\CNR\av-anomaly-detection\av-anomaly-detection\.venv\Lib\site-packages\telegram\_bot.py", line 726, in _do_post
    result = await request.post(
             ^^^^^^^^^^^^^^^^^^^
  File "D:\Desktop_fake\CNR\av-anomaly-detection\av-anomaly-detection\.venv\Lib\site-packages\telegram\request\_baserequest.py", line 197, in post
    result = await self._request_wrapper(
             ^^^^^^^^^^^^^^^^^^^^^^^^^^^^
  File "D:\Desktop_fake\CNR\av-anomaly-detection\av-anomaly-detection\.venv\Lib\site-packages\telegram\request\_baserequest.py", line 353, in _request_wrapper
    raise BadRequest(message)
telegram.error.BadRequest: Can't parse entities: can't find end of italic entity at byte offset 547
2025-10-13 21:08:42,107 - INFO - HTTP Request: POST https://api.telegram.org/bot8115605790:AAF2BAAGm48-Rt-d5U44Mw7rLD02yo2v1hY/getUpdates "HTTP/1.1 200 OK"
2025-10-13 21:08:52,182 - INFO - HTTP Request: POST https://api.telegram.org/bot8115605790:AAF2BAAGm48-Rt-d5U44Mw7rLD02yo2v1hY/getUpdates "HTTP/1.1 200 OK"
2025-10-13 21:08:53,281 - INFO - HTTP Request: POST https://api.telegram.org/bot8115605790:AAF2BAAGm48-Rt-d5U44Mw7rLD02yo2v1hY/getUpdates "HTTP/1.1 200 OK"
2025-10-13 21:08:53,291 - INFO - Daddodad (454010613,Davide) called /help
2025-10-13 21:08:53,445 - INFO - HTTP Request: POST https://api.telegram.org/bot8115605790:AAF2BAAGm48-Rt-d5U44Mw7rLD02yo2v1hY/sendMessage "HTTP/1.1 200 OK"
2025-10-13 21:09:02,323 - INFO - HTTP Request: POST https://api.telegram.org/bot8115605790:AAF2BAAGm48-Rt-d5U44Mw7rLD02yo2v1hY/getMe "HTTP/1.1 200 OK"
2025-10-13 21:09:02,420 - INFO - HTTP Request: POST https://api.telegram.org/bot8115605790:AAF2BAAGm48-Rt-d5U44Mw7rLD02yo2v1hY/setMyCommands "HTTP/1.1 200 OK"
2025-10-13 21:09:02,453 - INFO - HTTP Request: POST https://api.telegram.org/bot8115605790:AAF2BAAGm48-Rt-d5U44Mw7rLD02yo2v1hY/deleteWebhook "HTTP/1.1 200 OK"
2025-10-13 21:09:02,576 - INFO - HTTP Request: POST https://api.telegram.org/bot8115605790:AAF2BAAGm48-Rt-d5U44Mw7rLD02yo2v1hY/getUpdates "HTTP/1.1 200 OK"
2025-10-13 21:09:02,578 - INFO - Daddodad (454010613,Davide) called /help
2025-10-13 21:09:02,751 - INFO - HTTP Request: POST https://api.telegram.org/bot8115605790:AAF2BAAGm48-Rt-d5U44Mw7rLD02yo2v1hY/sendMessage "HTTP/1.1 200 OK"
2025-10-13 21:09:04,360 - INFO - HTTP Request: POST https://api.telegram.org/bot8115605790:AAF2BAAGm48-Rt-d5U44Mw7rLD02yo2v1hY/getUpdates "HTTP/1.1 200 OK"
2025-10-13 21:09:04,440 - INFO - HTTP Request: POST https://api.telegram.org/bot8115605790:AAF2BAAGm48-Rt-d5U44Mw7rLD02yo2v1hY/answerCallbackQuery "HTTP/1.1 200 OK"
2025-10-13 21:09:04,524 - INFO - HTTP Request: POST https://api.telegram.org/bot8115605790:AAF2BAAGm48-Rt-d5U44Mw7rLD02yo2v1hY/editMessageText "HTTP/1.1 200 OK"
2025-10-13 21:09:06,789 - INFO - HTTP Request: POST https://api.telegram.org/bot8115605790:AAF2BAAGm48-Rt-d5U44Mw7rLD02yo2v1hY/getUpdates "HTTP/1.1 200 OK"
2025-10-13 21:09:06,791 - INFO - Daddodad (454010613,Davide) called /spy
2025-10-13 21:09:06,897 - INFO - HTTP Request: POST https://api.telegram.org/bot8115605790:AAF2BAAGm48-Rt-d5U44Mw7rLD02yo2v1hY/sendMessage "HTTP/1.1 200 OK"
2025-10-13 21:09:16,832 - INFO - HTTP Request: POST https://api.telegram.org/bot8115605790:AAF2BAAGm48-Rt-d5U44Mw7rLD02yo2v1hY/getUpdates "HTTP/1.1 200 OK"
2025-10-13 21:09:26,871 - INFO - HTTP Request: POST https://api.telegram.org/bot8115605790:AAF2BAAGm48-Rt-d5U44Mw7rLD02yo2v1hY/getUpdates "HTTP/1.1 200 OK"
2025-10-13 21:09:30,122 - INFO - HTTP Request: POST https://api.telegram.org/bot8115605790:AAF2BAAGm48-Rt-d5U44Mw7rLD02yo2v1hY/getUpdates "HTTP/1.1 200 OK"
2025-10-13 21:09:37,310 - INFO - HTTP Request: POST https://api.telegram.org/bot8115605790:AAF2BAAGm48-Rt-d5U44Mw7rLD02yo2v1hY/getMe "HTTP/1.1 200 OK"
2025-10-13 21:09:37,358 - INFO - HTTP Request: POST https://api.telegram.org/bot8115605790:AAF2BAAGm48-Rt-d5U44Mw7rLD02yo2v1hY/setMyCommands "HTTP/1.1 200 OK"
2025-10-13 21:09:37,391 - INFO - HTTP Request: POST https://api.telegram.org/bot8115605790:AAF2BAAGm48-Rt-d5U44Mw7rLD02yo2v1hY/deleteWebhook "HTTP/1.1 200 OK"
2025-10-13 21:09:37,510 - INFO - HTTP Request: POST https://api.telegram.org/bot8115605790:AAF2BAAGm48-Rt-d5U44Mw7rLD02yo2v1hY/getUpdates "HTTP/1.1 200 OK"
2025-10-13 21:09:37,520 - INFO - Daddodad (454010613,Davide) called /help
2025-10-13 21:09:37,595 - INFO - HTTP Request: POST https://api.telegram.org/bot8115605790:AAF2BAAGm48-Rt-d5U44Mw7rLD02yo2v1hY/sendMessage "HTTP/1.1 200 OK"
2025-10-13 21:09:39,788 - INFO - HTTP Request: POST https://api.telegram.org/bot8115605790:AAF2BAAGm48-Rt-d5U44Mw7rLD02yo2v1hY/getUpdates "HTTP/1.1 200 OK"
2025-10-13 21:09:39,837 - INFO - HTTP Request: POST https://api.telegram.org/bot8115605790:AAF2BAAGm48-Rt-d5U44Mw7rLD02yo2v1hY/answerCallbackQuery "HTTP/1.1 200 OK"
2025-10-13 21:09:39,874 - INFO - HTTP Request: POST https://api.telegram.org/bot8115605790:AAF2BAAGm48-Rt-d5U44Mw7rLD02yo2v1hY/editMessageText "HTTP/1.1 400 Bad Request"
2025-10-13 21:09:39,874 - ERROR - No error handlers are registered, logging exception.
Traceback (most recent call last):
  File "D:\Desktop_fake\CNR\av-anomaly-detection\av-anomaly-detection\.venv\Lib\site-packages\telegram\ext\_application.py", line 1298, in process_update
    await coroutine
  File "D:\Desktop_fake\CNR\av-anomaly-detection\av-anomaly-detection\.venv\Lib\site-packages\telegram\ext\_handlers\basehandler.py", line 158, in handle_update
    return await self.callback(update, context)
           ^^^^^^^^^^^^^^^^^^^^^^^^^^^^^^^^^^^^
  File "D:\Desktop_fake\MawileBot\home\MawileBot\src\Commands.py", line 497, in help_button_handler
    await show_command_help(update, context)
  File "D:\Desktop_fake\MawileBot\home\MawileBot\src\Commands.py", line 490, in show_command_help
    await query.edit_message_text(text=text, parse_mode='MarkdownV2', reply_markup=reply_markup)
  File "D:\Desktop_fake\CNR\av-anomaly-detection\av-anomaly-detection\.venv\Lib\site-packages\telegram\_callbackquery.py", line 265, in edit_message_text
    return await self._get_message().edit_text(
           ^^^^^^^^^^^^^^^^^^^^^^^^^^^^^^^^^^^^
  File "D:\Desktop_fake\CNR\av-anomaly-detection\av-anomaly-detection\.venv\Lib\site-packages\telegram\_message.py", line 3809, in edit_text
    return await self.get_bot().edit_message_text(
           ^^^^^^^^^^^^^^^^^^^^^^^^^^^^^^^^^^^^^^^
  File "D:\Desktop_fake\CNR\av-anomaly-detection\av-anomaly-detection\.venv\Lib\site-packages\telegram\ext\_extbot.py", line 1722, in edit_message_text
    return await super().edit_message_text(
           ^^^^^^^^^^^^^^^^^^^^^^^^^^^^^^^^
  File "D:\Desktop_fake\CNR\av-anomaly-detection\av-anomaly-detection\.venv\Lib\site-packages\telegram\_bot.py", line 4293, in edit_message_text
    return await self._send_message(
           ^^^^^^^^^^^^^^^^^^^^^^^^^
  File "D:\Desktop_fake\CNR\av-anomaly-detection\av-anomaly-detection\.venv\Lib\site-packages\telegram\ext\_extbot.py", line 629, in _send_message
    result = await super()._send_message(
             ^^^^^^^^^^^^^^^^^^^^^^^^^^^^
  File "D:\Desktop_fake\CNR\av-anomaly-detection\av-anomaly-detection\.venv\Lib\site-packages\telegram\_bot.py", line 809, in _send_message
    result = await self._post(
             ^^^^^^^^^^^^^^^^^
  File "D:\Desktop_fake\CNR\av-anomaly-detection\av-anomaly-detection\.venv\Lib\site-packages\telegram\_bot.py", line 697, in _post
    return await self._do_post(
           ^^^^^^^^^^^^^^^^^^^^
  File "D:\Desktop_fake\CNR\av-anomaly-detection\av-anomaly-detection\.venv\Lib\site-packages\telegram\ext\_extbot.py", line 369, in _do_post
    return await super()._do_post(
           ^^^^^^^^^^^^^^^^^^^^^^^
  File "D:\Desktop_fake\CNR\av-anomaly-detection\av-anomaly-detection\.venv\Lib\site-packages\telegram\_bot.py", line 726, in _do_post
    result = await request.post(
             ^^^^^^^^^^^^^^^^^^^
  File "D:\Desktop_fake\CNR\av-anomaly-detection\av-anomaly-detection\.venv\Lib\site-packages\telegram\request\_baserequest.py", line 197, in post
    result = await self._request_wrapper(
             ^^^^^^^^^^^^^^^^^^^^^^^^^^^^
  File "D:\Desktop_fake\CNR\av-anomaly-detection\av-anomaly-detection\.venv\Lib\site-packages\telegram\request\_baserequest.py", line 353, in _request_wrapper
    raise BadRequest(message)
telegram.error.BadRequest: Can't parse entities: can't find end of italic entity at byte offset 521
2025-10-13 21:09:49,832 - INFO - HTTP Request: POST https://api.telegram.org/bot8115605790:AAF2BAAGm48-Rt-d5U44Mw7rLD02yo2v1hY/getUpdates "HTTP/1.1 200 OK"
2025-10-13 21:09:58,261 - INFO - HTTP Request: POST https://api.telegram.org/bot8115605790:AAF2BAAGm48-Rt-d5U44Mw7rLD02yo2v1hY/getMe "HTTP/1.1 200 OK"
2025-10-13 21:09:58,334 - INFO - HTTP Request: POST https://api.telegram.org/bot8115605790:AAF2BAAGm48-Rt-d5U44Mw7rLD02yo2v1hY/setMyCommands "HTTP/1.1 200 OK"
2025-10-13 21:09:58,370 - INFO - HTTP Request: POST https://api.telegram.org/bot8115605790:AAF2BAAGm48-Rt-d5U44Mw7rLD02yo2v1hY/deleteWebhook "HTTP/1.1 200 OK"
2025-10-13 21:09:58,498 - INFO - HTTP Request: POST https://api.telegram.org/bot8115605790:AAF2BAAGm48-Rt-d5U44Mw7rLD02yo2v1hY/getUpdates "HTTP/1.1 200 OK"
2025-10-13 21:09:58,500 - INFO - Daddodad (454010613,Davide) called /help
2025-10-13 21:09:58,684 - INFO - HTTP Request: POST https://api.telegram.org/bot8115605790:AAF2BAAGm48-Rt-d5U44Mw7rLD02yo2v1hY/sendMessage "HTTP/1.1 200 OK"
2025-10-13 21:10:01,703 - INFO - HTTP Request: POST https://api.telegram.org/bot8115605790:AAF2BAAGm48-Rt-d5U44Mw7rLD02yo2v1hY/getUpdates "HTTP/1.1 200 OK"
2025-10-13 21:10:01,768 - INFO - HTTP Request: POST https://api.telegram.org/bot8115605790:AAF2BAAGm48-Rt-d5U44Mw7rLD02yo2v1hY/answerCallbackQuery "HTTP/1.1 200 OK"
2025-10-13 21:10:01,828 - INFO - HTTP Request: POST https://api.telegram.org/bot8115605790:AAF2BAAGm48-Rt-d5U44Mw7rLD02yo2v1hY/editMessageText "HTTP/1.1 200 OK"
2025-10-13 21:10:11,756 - INFO - HTTP Request: POST https://api.telegram.org/bot8115605790:AAF2BAAGm48-Rt-d5U44Mw7rLD02yo2v1hY/getUpdates "HTTP/1.1 200 OK"
2025-10-13 21:10:17,861 - INFO - HTTP Request: POST https://api.telegram.org/bot8115605790:AAF2BAAGm48-Rt-d5U44Mw7rLD02yo2v1hY/getUpdates "HTTP/1.1 200 OK"
2025-10-13 21:10:24,679 - INFO - HTTP Request: POST https://api.telegram.org/bot8115605790:AAF2BAAGm48-Rt-d5U44Mw7rLD02yo2v1hY/getMe "HTTP/1.1 200 OK"
2025-10-13 21:10:24,752 - INFO - HTTP Request: POST https://api.telegram.org/bot8115605790:AAF2BAAGm48-Rt-d5U44Mw7rLD02yo2v1hY/setMyCommands "HTTP/1.1 200 OK"
2025-10-13 21:10:24,782 - INFO - HTTP Request: POST https://api.telegram.org/bot8115605790:AAF2BAAGm48-Rt-d5U44Mw7rLD02yo2v1hY/deleteWebhook "HTTP/1.1 200 OK"
2025-10-13 21:10:24,911 - INFO - HTTP Request: POST https://api.telegram.org/bot8115605790:AAF2BAAGm48-Rt-d5U44Mw7rLD02yo2v1hY/getUpdates "HTTP/1.1 200 OK"
2025-10-13 21:10:24,911 - INFO - Daddodad (454010613,Davide) called /help
2025-10-13 21:10:25,001 - INFO - HTTP Request: POST https://api.telegram.org/bot8115605790:AAF2BAAGm48-Rt-d5U44Mw7rLD02yo2v1hY/sendMessage "HTTP/1.1 200 OK"
2025-10-13 21:10:26,843 - INFO - HTTP Request: POST https://api.telegram.org/bot8115605790:AAF2BAAGm48-Rt-d5U44Mw7rLD02yo2v1hY/getUpdates "HTTP/1.1 200 OK"
2025-10-13 21:10:26,902 - INFO - HTTP Request: POST https://api.telegram.org/bot8115605790:AAF2BAAGm48-Rt-d5U44Mw7rLD02yo2v1hY/answerCallbackQuery "HTTP/1.1 200 OK"
2025-10-13 21:10:27,019 - INFO - HTTP Request: POST https://api.telegram.org/bot8115605790:AAF2BAAGm48-Rt-d5U44Mw7rLD02yo2v1hY/editMessageText "HTTP/1.1 200 OK"
2025-10-13 21:10:36,884 - INFO - HTTP Request: POST https://api.telegram.org/bot8115605790:AAF2BAAGm48-Rt-d5U44Mw7rLD02yo2v1hY/getUpdates "HTTP/1.1 200 OK"
2025-10-13 21:10:46,931 - INFO - HTTP Request: POST https://api.telegram.org/bot8115605790:AAF2BAAGm48-Rt-d5U44Mw7rLD02yo2v1hY/getUpdates "HTTP/1.1 200 OK"
2025-10-13 21:10:56,965 - INFO - HTTP Request: POST https://api.telegram.org/bot8115605790:AAF2BAAGm48-Rt-d5U44Mw7rLD02yo2v1hY/getUpdates "HTTP/1.1 200 OK"
2025-10-13 21:11:07,013 - INFO - HTTP Request: POST https://api.telegram.org/bot8115605790:AAF2BAAGm48-Rt-d5U44Mw7rLD02yo2v1hY/getUpdates "HTTP/1.1 200 OK"
2025-10-13 21:11:17,068 - INFO - HTTP Request: POST https://api.telegram.org/bot8115605790:AAF2BAAGm48-Rt-d5U44Mw7rLD02yo2v1hY/getUpdates "HTTP/1.1 200 OK"
2025-10-13 21:11:27,097 - INFO - HTTP Request: POST https://api.telegram.org/bot8115605790:AAF2BAAGm48-Rt-d5U44Mw7rLD02yo2v1hY/getUpdates "HTTP/1.1 200 OK"
2025-10-13 21:11:37,151 - INFO - HTTP Request: POST https://api.telegram.org/bot8115605790:AAF2BAAGm48-Rt-d5U44Mw7rLD02yo2v1hY/getUpdates "HTTP/1.1 200 OK"
2025-10-13 21:11:47,182 - INFO - HTTP Request: POST https://api.telegram.org/bot8115605790:AAF2BAAGm48-Rt-d5U44Mw7rLD02yo2v1hY/getUpdates "HTTP/1.1 200 OK"
2025-10-13 21:11:57,233 - INFO - HTTP Request: POST https://api.telegram.org/bot8115605790:AAF2BAAGm48-Rt-d5U44Mw7rLD02yo2v1hY/getUpdates "HTTP/1.1 200 OK"
2025-10-13 21:12:07,276 - INFO - HTTP Request: POST https://api.telegram.org/bot8115605790:AAF2BAAGm48-Rt-d5U44Mw7rLD02yo2v1hY/getUpdates "HTTP/1.1 200 OK"
2025-10-13 21:12:17,317 - INFO - HTTP Request: POST https://api.telegram.org/bot8115605790:AAF2BAAGm48-Rt-d5U44Mw7rLD02yo2v1hY/getUpdates "HTTP/1.1 200 OK"
2025-10-13 21:12:27,357 - INFO - HTTP Request: POST https://api.telegram.org/bot8115605790:AAF2BAAGm48-Rt-d5U44Mw7rLD02yo2v1hY/getUpdates "HTTP/1.1 200 OK"
2025-10-13 21:12:37,405 - INFO - HTTP Request: POST https://api.telegram.org/bot8115605790:AAF2BAAGm48-Rt-d5U44Mw7rLD02yo2v1hY/getUpdates "HTTP/1.1 200 OK"
2025-10-13 21:12:47,442 - INFO - HTTP Request: POST https://api.telegram.org/bot8115605790:AAF2BAAGm48-Rt-d5U44Mw7rLD02yo2v1hY/getUpdates "HTTP/1.1 200 OK"
2025-10-13 21:12:57,480 - INFO - HTTP Request: POST https://api.telegram.org/bot8115605790:AAF2BAAGm48-Rt-d5U44Mw7rLD02yo2v1hY/getUpdates "HTTP/1.1 200 OK"
2025-10-13 21:13:07,521 - INFO - HTTP Request: POST https://api.telegram.org/bot8115605790:AAF2BAAGm48-Rt-d5U44Mw7rLD02yo2v1hY/getUpdates "HTTP/1.1 200 OK"
2025-10-13 21:13:17,555 - INFO - HTTP Request: POST https://api.telegram.org/bot8115605790:AAF2BAAGm48-Rt-d5U44Mw7rLD02yo2v1hY/getUpdates "HTTP/1.1 200 OK"
2025-10-13 21:13:27,604 - INFO - HTTP Request: POST https://api.telegram.org/bot8115605790:AAF2BAAGm48-Rt-d5U44Mw7rLD02yo2v1hY/getUpdates "HTTP/1.1 200 OK"
2025-10-13 21:13:37,641 - INFO - HTTP Request: POST https://api.telegram.org/bot8115605790:AAF2BAAGm48-Rt-d5U44Mw7rLD02yo2v1hY/getUpdates "HTTP/1.1 200 OK"
2025-10-13 21:13:47,686 - INFO - HTTP Request: POST https://api.telegram.org/bot8115605790:AAF2BAAGm48-Rt-d5U44Mw7rLD02yo2v1hY/getUpdates "HTTP/1.1 200 OK"
2025-10-13 21:13:57,735 - INFO - HTTP Request: POST https://api.telegram.org/bot8115605790:AAF2BAAGm48-Rt-d5U44Mw7rLD02yo2v1hY/getUpdates "HTTP/1.1 200 OK"
2025-10-13 21:14:07,771 - INFO - HTTP Request: POST https://api.telegram.org/bot8115605790:AAF2BAAGm48-Rt-d5U44Mw7rLD02yo2v1hY/getUpdates "HTTP/1.1 200 OK"
2025-10-13 21:14:17,814 - INFO - HTTP Request: POST https://api.telegram.org/bot8115605790:AAF2BAAGm48-Rt-d5U44Mw7rLD02yo2v1hY/getUpdates "HTTP/1.1 200 OK"
2025-10-13 21:14:27,855 - INFO - HTTP Request: POST https://api.telegram.org/bot8115605790:AAF2BAAGm48-Rt-d5U44Mw7rLD02yo2v1hY/getUpdates "HTTP/1.1 200 OK"
2025-10-13 21:14:37,895 - INFO - HTTP Request: POST https://api.telegram.org/bot8115605790:AAF2BAAGm48-Rt-d5U44Mw7rLD02yo2v1hY/getUpdates "HTTP/1.1 200 OK"
2025-10-13 21:14:47,943 - INFO - HTTP Request: POST https://api.telegram.org/bot8115605790:AAF2BAAGm48-Rt-d5U44Mw7rLD02yo2v1hY/getUpdates "HTTP/1.1 200 OK"
2025-10-13 21:14:57,984 - INFO - HTTP Request: POST https://api.telegram.org/bot8115605790:AAF2BAAGm48-Rt-d5U44Mw7rLD02yo2v1hY/getUpdates "HTTP/1.1 200 OK"
2025-10-13 21:15:08,030 - INFO - HTTP Request: POST https://api.telegram.org/bot8115605790:AAF2BAAGm48-Rt-d5U44Mw7rLD02yo2v1hY/getUpdates "HTTP/1.1 200 OK"
2025-10-13 21:15:18,072 - INFO - HTTP Request: POST https://api.telegram.org/bot8115605790:AAF2BAAGm48-Rt-d5U44Mw7rLD02yo2v1hY/getUpdates "HTTP/1.1 200 OK"
2025-10-13 21:15:28,130 - INFO - HTTP Request: POST https://api.telegram.org/bot8115605790:AAF2BAAGm48-Rt-d5U44Mw7rLD02yo2v1hY/getUpdates "HTTP/1.1 200 OK"
2025-10-13 21:15:38,165 - INFO - HTTP Request: POST https://api.telegram.org/bot8115605790:AAF2BAAGm48-Rt-d5U44Mw7rLD02yo2v1hY/getUpdates "HTTP/1.1 200 OK"
2025-10-13 21:15:48,218 - INFO - HTTP Request: POST https://api.telegram.org/bot8115605790:AAF2BAAGm48-Rt-d5U44Mw7rLD02yo2v1hY/getUpdates "HTTP/1.1 200 OK"
2025-10-13 21:15:58,265 - INFO - HTTP Request: POST https://api.telegram.org/bot8115605790:AAF2BAAGm48-Rt-d5U44Mw7rLD02yo2v1hY/getUpdates "HTTP/1.1 200 OK"
2025-10-13 21:16:08,297 - INFO - HTTP Request: POST https://api.telegram.org/bot8115605790:AAF2BAAGm48-Rt-d5U44Mw7rLD02yo2v1hY/getUpdates "HTTP/1.1 200 OK"
2025-10-13 21:16:18,345 - INFO - HTTP Request: POST https://api.telegram.org/bot8115605790:AAF2BAAGm48-Rt-d5U44Mw7rLD02yo2v1hY/getUpdates "HTTP/1.1 200 OK"
2025-10-13 21:16:28,375 - INFO - HTTP Request: POST https://api.telegram.org/bot8115605790:AAF2BAAGm48-Rt-d5U44Mw7rLD02yo2v1hY/getUpdates "HTTP/1.1 200 OK"
2025-10-13 21:16:38,419 - INFO - HTTP Request: POST https://api.telegram.org/bot8115605790:AAF2BAAGm48-Rt-d5U44Mw7rLD02yo2v1hY/getUpdates "HTTP/1.1 200 OK"
2025-10-13 21:16:48,460 - INFO - HTTP Request: POST https://api.telegram.org/bot8115605790:AAF2BAAGm48-Rt-d5U44Mw7rLD02yo2v1hY/getUpdates "HTTP/1.1 200 OK"
2025-10-13 21:16:58,498 - INFO - HTTP Request: POST https://api.telegram.org/bot8115605790:AAF2BAAGm48-Rt-d5U44Mw7rLD02yo2v1hY/getUpdates "HTTP/1.1 200 OK"
2025-10-13 21:17:08,548 - INFO - HTTP Request: POST https://api.telegram.org/bot8115605790:AAF2BAAGm48-Rt-d5U44Mw7rLD02yo2v1hY/getUpdates "HTTP/1.1 200 OK"
2025-10-13 21:17:18,576 - INFO - HTTP Request: POST https://api.telegram.org/bot8115605790:AAF2BAAGm48-Rt-d5U44Mw7rLD02yo2v1hY/getUpdates "HTTP/1.1 200 OK"
2025-10-13 21:17:28,625 - INFO - HTTP Request: POST https://api.telegram.org/bot8115605790:AAF2BAAGm48-Rt-d5U44Mw7rLD02yo2v1hY/getUpdates "HTTP/1.1 200 OK"
2025-10-13 21:17:38,658 - INFO - HTTP Request: POST https://api.telegram.org/bot8115605790:AAF2BAAGm48-Rt-d5U44Mw7rLD02yo2v1hY/getUpdates "HTTP/1.1 200 OK"
2025-10-13 21:17:48,692 - INFO - HTTP Request: POST https://api.telegram.org/bot8115605790:AAF2BAAGm48-Rt-d5U44Mw7rLD02yo2v1hY/getUpdates "HTTP/1.1 200 OK"
2025-10-13 21:17:58,741 - INFO - HTTP Request: POST https://api.telegram.org/bot8115605790:AAF2BAAGm48-Rt-d5U44Mw7rLD02yo2v1hY/getUpdates "HTTP/1.1 200 OK"
2025-10-13 21:18:08,774 - INFO - HTTP Request: POST https://api.telegram.org/bot8115605790:AAF2BAAGm48-Rt-d5U44Mw7rLD02yo2v1hY/getUpdates "HTTP/1.1 200 OK"
2025-10-13 21:18:18,840 - INFO - HTTP Request: POST https://api.telegram.org/bot8115605790:AAF2BAAGm48-Rt-d5U44Mw7rLD02yo2v1hY/getUpdates "HTTP/1.1 200 OK"
2025-10-13 21:18:28,890 - INFO - HTTP Request: POST https://api.telegram.org/bot8115605790:AAF2BAAGm48-Rt-d5U44Mw7rLD02yo2v1hY/getUpdates "HTTP/1.1 200 OK"
2025-10-13 21:18:40,106 - INFO - HTTP Request: POST https://api.telegram.org/bot8115605790:AAF2BAAGm48-Rt-d5U44Mw7rLD02yo2v1hY/getUpdates "HTTP/1.1 200 OK"
2025-10-13 21:18:50,163 - INFO - HTTP Request: POST https://api.telegram.org/bot8115605790:AAF2BAAGm48-Rt-d5U44Mw7rLD02yo2v1hY/getUpdates "HTTP/1.1 200 OK"
2025-10-13 21:19:00,203 - INFO - HTTP Request: POST https://api.telegram.org/bot8115605790:AAF2BAAGm48-Rt-d5U44Mw7rLD02yo2v1hY/getUpdates "HTTP/1.1 200 OK"
2025-10-13 21:19:10,243 - INFO - HTTP Request: POST https://api.telegram.org/bot8115605790:AAF2BAAGm48-Rt-d5U44Mw7rLD02yo2v1hY/getUpdates "HTTP/1.1 200 OK"
2025-10-13 21:19:20,291 - INFO - HTTP Request: POST https://api.telegram.org/bot8115605790:AAF2BAAGm48-Rt-d5U44Mw7rLD02yo2v1hY/getUpdates "HTTP/1.1 200 OK"
2025-10-13 21:19:30,335 - INFO - HTTP Request: POST https://api.telegram.org/bot8115605790:AAF2BAAGm48-Rt-d5U44Mw7rLD02yo2v1hY/getUpdates "HTTP/1.1 200 OK"
2025-10-13 21:19:40,367 - INFO - HTTP Request: POST https://api.telegram.org/bot8115605790:AAF2BAAGm48-Rt-d5U44Mw7rLD02yo2v1hY/getUpdates "HTTP/1.1 200 OK"
2025-10-13 21:19:50,447 - INFO - HTTP Request: POST https://api.telegram.org/bot8115605790:AAF2BAAGm48-Rt-d5U44Mw7rLD02yo2v1hY/getUpdates "HTTP/1.1 200 OK"
2025-10-13 21:20:00,481 - INFO - HTTP Request: POST https://api.telegram.org/bot8115605790:AAF2BAAGm48-Rt-d5U44Mw7rLD02yo2v1hY/getUpdates "HTTP/1.1 200 OK"
2025-10-13 21:20:10,534 - INFO - HTTP Request: POST https://api.telegram.org/bot8115605790:AAF2BAAGm48-Rt-d5U44Mw7rLD02yo2v1hY/getUpdates "HTTP/1.1 200 OK"
2025-10-13 21:20:20,576 - INFO - HTTP Request: POST https://api.telegram.org/bot8115605790:AAF2BAAGm48-Rt-d5U44Mw7rLD02yo2v1hY/getUpdates "HTTP/1.1 200 OK"
2025-10-13 21:20:30,608 - INFO - HTTP Request: POST https://api.telegram.org/bot8115605790:AAF2BAAGm48-Rt-d5U44Mw7rLD02yo2v1hY/getUpdates "HTTP/1.1 200 OK"
2025-10-13 21:20:40,661 - INFO - HTTP Request: POST https://api.telegram.org/bot8115605790:AAF2BAAGm48-Rt-d5U44Mw7rLD02yo2v1hY/getUpdates "HTTP/1.1 200 OK"
2025-10-13 21:20:50,708 - INFO - HTTP Request: POST https://api.telegram.org/bot8115605790:AAF2BAAGm48-Rt-d5U44Mw7rLD02yo2v1hY/getUpdates "HTTP/1.1 200 OK"
2025-10-13 21:21:00,743 - INFO - HTTP Request: POST https://api.telegram.org/bot8115605790:AAF2BAAGm48-Rt-d5U44Mw7rLD02yo2v1hY/getUpdates "HTTP/1.1 200 OK"
2025-10-13 21:21:10,802 - INFO - HTTP Request: POST https://api.telegram.org/bot8115605790:AAF2BAAGm48-Rt-d5U44Mw7rLD02yo2v1hY/getUpdates "HTTP/1.1 200 OK"
2025-10-13 21:21:20,861 - INFO - HTTP Request: POST https://api.telegram.org/bot8115605790:AAF2BAAGm48-Rt-d5U44Mw7rLD02yo2v1hY/getUpdates "HTTP/1.1 200 OK"
2025-10-13 21:21:30,911 - INFO - HTTP Request: POST https://api.telegram.org/bot8115605790:AAF2BAAGm48-Rt-d5U44Mw7rLD02yo2v1hY/getUpdates "HTTP/1.1 200 OK"
2025-10-13 21:21:40,940 - INFO - HTTP Request: POST https://api.telegram.org/bot8115605790:AAF2BAAGm48-Rt-d5U44Mw7rLD02yo2v1hY/getUpdates "HTTP/1.1 200 OK"
2025-10-13 21:21:50,997 - INFO - HTTP Request: POST https://api.telegram.org/bot8115605790:AAF2BAAGm48-Rt-d5U44Mw7rLD02yo2v1hY/getUpdates "HTTP/1.1 200 OK"
2025-10-13 21:22:01,035 - INFO - HTTP Request: POST https://api.telegram.org/bot8115605790:AAF2BAAGm48-Rt-d5U44Mw7rLD02yo2v1hY/getUpdates "HTTP/1.1 200 OK"
2025-10-13 21:22:11,074 - INFO - HTTP Request: POST https://api.telegram.org/bot8115605790:AAF2BAAGm48-Rt-d5U44Mw7rLD02yo2v1hY/getUpdates "HTTP/1.1 200 OK"
2025-10-13 21:22:21,120 - INFO - HTTP Request: POST https://api.telegram.org/bot8115605790:AAF2BAAGm48-Rt-d5U44Mw7rLD02yo2v1hY/getUpdates "HTTP/1.1 200 OK"
2025-10-13 21:22:31,159 - INFO - HTTP Request: POST https://api.telegram.org/bot8115605790:AAF2BAAGm48-Rt-d5U44Mw7rLD02yo2v1hY/getUpdates "HTTP/1.1 200 OK"
2025-10-13 21:22:41,202 - INFO - HTTP Request: POST https://api.telegram.org/bot8115605790:AAF2BAAGm48-Rt-d5U44Mw7rLD02yo2v1hY/getUpdates "HTTP/1.1 200 OK"
2025-10-13 21:22:51,246 - INFO - HTTP Request: POST https://api.telegram.org/bot8115605790:AAF2BAAGm48-Rt-d5U44Mw7rLD02yo2v1hY/getUpdates "HTTP/1.1 200 OK"
2025-10-13 21:23:01,282 - INFO - HTTP Request: POST https://api.telegram.org/bot8115605790:AAF2BAAGm48-Rt-d5U44Mw7rLD02yo2v1hY/getUpdates "HTTP/1.1 200 OK"
2025-10-13 21:23:11,330 - INFO - HTTP Request: POST https://api.telegram.org/bot8115605790:AAF2BAAGm48-Rt-d5U44Mw7rLD02yo2v1hY/getUpdates "HTTP/1.1 200 OK"
2025-10-13 21:23:21,370 - INFO - HTTP Request: POST https://api.telegram.org/bot8115605790:AAF2BAAGm48-Rt-d5U44Mw7rLD02yo2v1hY/getUpdates "HTTP/1.1 200 OK"
2025-10-13 21:23:31,428 - INFO - HTTP Request: POST https://api.telegram.org/bot8115605790:AAF2BAAGm48-Rt-d5U44Mw7rLD02yo2v1hY/getUpdates "HTTP/1.1 200 OK"
2025-10-13 21:23:41,467 - INFO - HTTP Request: POST https://api.telegram.org/bot8115605790:AAF2BAAGm48-Rt-d5U44Mw7rLD02yo2v1hY/getUpdates "HTTP/1.1 200 OK"
2025-10-13 21:23:51,531 - INFO - HTTP Request: POST https://api.telegram.org/bot8115605790:AAF2BAAGm48-Rt-d5U44Mw7rLD02yo2v1hY/getUpdates "HTTP/1.1 200 OK"
2025-10-13 21:24:01,569 - INFO - HTTP Request: POST https://api.telegram.org/bot8115605790:AAF2BAAGm48-Rt-d5U44Mw7rLD02yo2v1hY/getUpdates "HTTP/1.1 200 OK"
2025-10-13 21:24:11,649 - INFO - HTTP Request: POST https://api.telegram.org/bot8115605790:AAF2BAAGm48-Rt-d5U44Mw7rLD02yo2v1hY/getUpdates "HTTP/1.1 200 OK"
2025-10-13 21:24:21,705 - INFO - HTTP Request: POST https://api.telegram.org/bot8115605790:AAF2BAAGm48-Rt-d5U44Mw7rLD02yo2v1hY/getUpdates "HTTP/1.1 200 OK"
2025-10-13 21:24:31,752 - INFO - HTTP Request: POST https://api.telegram.org/bot8115605790:AAF2BAAGm48-Rt-d5U44Mw7rLD02yo2v1hY/getUpdates "HTTP/1.1 200 OK"
2025-10-13 21:24:41,785 - INFO - HTTP Request: POST https://api.telegram.org/bot8115605790:AAF2BAAGm48-Rt-d5U44Mw7rLD02yo2v1hY/getUpdates "HTTP/1.1 200 OK"
2025-10-13 21:24:51,842 - INFO - HTTP Request: POST https://api.telegram.org/bot8115605790:AAF2BAAGm48-Rt-d5U44Mw7rLD02yo2v1hY/getUpdates "HTTP/1.1 200 OK"
2025-10-13 21:25:01,881 - INFO - HTTP Request: POST https://api.telegram.org/bot8115605790:AAF2BAAGm48-Rt-d5U44Mw7rLD02yo2v1hY/getUpdates "HTTP/1.1 200 OK"
2025-10-13 21:25:11,931 - INFO - HTTP Request: POST https://api.telegram.org/bot8115605790:AAF2BAAGm48-Rt-d5U44Mw7rLD02yo2v1hY/getUpdates "HTTP/1.1 200 OK"
2025-10-13 21:25:21,962 - INFO - HTTP Request: POST https://api.telegram.org/bot8115605790:AAF2BAAGm48-Rt-d5U44Mw7rLD02yo2v1hY/getUpdates "HTTP/1.1 200 OK"
2025-10-13 21:25:32,012 - INFO - HTTP Request: POST https://api.telegram.org/bot8115605790:AAF2BAAGm48-Rt-d5U44Mw7rLD02yo2v1hY/getUpdates "HTTP/1.1 200 OK"
2025-10-13 21:25:42,054 - INFO - HTTP Request: POST https://api.telegram.org/bot8115605790:AAF2BAAGm48-Rt-d5U44Mw7rLD02yo2v1hY/getUpdates "HTTP/1.1 200 OK"
2025-10-13 21:25:52,109 - INFO - HTTP Request: POST https://api.telegram.org/bot8115605790:AAF2BAAGm48-Rt-d5U44Mw7rLD02yo2v1hY/getUpdates "HTTP/1.1 200 OK"
2025-10-13 21:26:02,150 - INFO - HTTP Request: POST https://api.telegram.org/bot8115605790:AAF2BAAGm48-Rt-d5U44Mw7rLD02yo2v1hY/getUpdates "HTTP/1.1 200 OK"
2025-10-13 21:26:12,187 - INFO - HTTP Request: POST https://api.telegram.org/bot8115605790:AAF2BAAGm48-Rt-d5U44Mw7rLD02yo2v1hY/getUpdates "HTTP/1.1 200 OK"
2025-10-13 21:26:22,230 - INFO - HTTP Request: POST https://api.telegram.org/bot8115605790:AAF2BAAGm48-Rt-d5U44Mw7rLD02yo2v1hY/getUpdates "HTTP/1.1 200 OK"
2025-10-13 21:26:32,326 - INFO - HTTP Request: POST https://api.telegram.org/bot8115605790:AAF2BAAGm48-Rt-d5U44Mw7rLD02yo2v1hY/getUpdates "HTTP/1.1 200 OK"
2025-10-13 21:26:42,358 - INFO - HTTP Request: POST https://api.telegram.org/bot8115605790:AAF2BAAGm48-Rt-d5U44Mw7rLD02yo2v1hY/getUpdates "HTTP/1.1 200 OK"
2025-10-13 21:26:52,408 - INFO - HTTP Request: POST https://api.telegram.org/bot8115605790:AAF2BAAGm48-Rt-d5U44Mw7rLD02yo2v1hY/getUpdates "HTTP/1.1 200 OK"
2025-10-13 21:27:02,543 - INFO - HTTP Request: POST https://api.telegram.org/bot8115605790:AAF2BAAGm48-Rt-d5U44Mw7rLD02yo2v1hY/getUpdates "HTTP/1.1 200 OK"
2025-10-13 21:27:12,573 - INFO - HTTP Request: POST https://api.telegram.org/bot8115605790:AAF2BAAGm48-Rt-d5U44Mw7rLD02yo2v1hY/getUpdates "HTTP/1.1 200 OK"
2025-10-13 21:27:22,612 - INFO - HTTP Request: POST https://api.telegram.org/bot8115605790:AAF2BAAGm48-Rt-d5U44Mw7rLD02yo2v1hY/getUpdates "HTTP/1.1 200 OK"
2025-10-13 21:27:32,656 - INFO - HTTP Request: POST https://api.telegram.org/bot8115605790:AAF2BAAGm48-Rt-d5U44Mw7rLD02yo2v1hY/getUpdates "HTTP/1.1 200 OK"
2025-10-13 21:27:42,689 - INFO - HTTP Request: POST https://api.telegram.org/bot8115605790:AAF2BAAGm48-Rt-d5U44Mw7rLD02yo2v1hY/getUpdates "HTTP/1.1 200 OK"
2025-10-13 21:27:52,723 - INFO - HTTP Request: POST https://api.telegram.org/bot8115605790:AAF2BAAGm48-Rt-d5U44Mw7rLD02yo2v1hY/getUpdates "HTTP/1.1 200 OK"
2025-10-13 21:28:01,195 - INFO - HTTP Request: POST https://api.telegram.org/bot8115605790:AAF2BAAGm48-Rt-d5U44Mw7rLD02yo2v1hY/getUpdates "HTTP/1.1 200 OK"
